-- phpMyAdmin SQL Dump
-- version 5.2.1
-- https://www.phpmyadmin.net/
--
-- Хост: 127.0.0.1:3307
-- Время создания: Авг 19 2025 г., 16:37
-- Версия сервера: 10.4.32-MariaDB
-- Версия PHP: 8.0.30

SET SQL_MODE = "NO_AUTO_VALUE_ON_ZERO";
START TRANSACTION;
SET time_zone = "+00:00";


/*!40101 SET @OLD_CHARACTER_SET_CLIENT=@@CHARACTER_SET_CLIENT */;
/*!40101 SET @OLD_CHARACTER_SET_RESULTS=@@CHARACTER_SET_RESULTS */;
/*!40101 SET @OLD_COLLATION_CONNECTION=@@COLLATION_CONNECTION */;
/*!40101 SET NAMES utf8mb4 */;

--
-- База данных: `bank`
--

-- --------------------------------------------------------

--
-- Структура таблицы `cards`
--

CREATE TABLE `cards` (
  `assign_no` varchar(64) NOT NULL,
  `user_id` varchar(64) NOT NULL,
  `customer_number` varchar(64) DEFAULT NULL,
  `card_name` varchar(120) DEFAULT NULL,
  `product_code` varchar(50) DEFAULT NULL,
  `credit_limit` decimal(14,2) DEFAULT NULL,
  `available_limit` decimal(14,2) DEFAULT NULL,
  `available_cash_limit` decimal(14,2) DEFAULT NULL,
  `points` decimal(14,2) DEFAULT NULL,
  `statement_date` datetime DEFAULT NULL,
  `statement_due_date` datetime DEFAULT NULL,
  `statement_amount` decimal(14,2) DEFAULT NULL,
  `statement_min_amount` decimal(14,2) DEFAULT NULL,
  `can_limit_change` tinyint(1) DEFAULT NULL,
  `sup_card_usage_increase_ok` tinyint(1) DEFAULT NULL,
  `auto_payment_available` tinyint(1) DEFAULT NULL,
  `is_active` tinyint(1) DEFAULT NULL,
  `remaining_statement_amount` decimal(14,2) DEFAULT NULL,
  `remaining_statement_min_amount` decimal(14,2) DEFAULT NULL
) ENGINE=InnoDB DEFAULT CHARSET=utf8mb4 COLLATE=utf8mb4_general_ci;

--
-- Дамп данных таблицы `cards`
--

INSERT INTO `cards` (`assign_no`, `user_id`, `customer_number`, `card_name`, `product_code`, `credit_limit`, `available_limit`, `available_cash_limit`, `points`, `statement_date`, `statement_due_date`, `statement_amount`, `statement_min_amount`, `can_limit_change`, `sup_card_usage_increase_ok`, `auto_payment_available`, `is_active`, `remaining_statement_amount`, `remaining_statement_min_amount`) VALUES
('0055038892424595314613217', '1061', '5188365324', 'Yaren Duman', 'crdPlatinum', 30000.00, 7556.25, 10500.00, 145.44, '2025-08-09 00:00:00', '2025-08-20 00:00:00', 6974.72, 1394.94, 0, 0, 0, 0, 6974.72, 1394.94),
('0058094033579382560178166', '1082', '9722100091', 'Kaan Özdemir', 'crd01', 30000.00, 9230.32, 10500.00, 981.57, '2025-08-14 00:00:00', '2025-08-25 00:00:00', 773.64, 154.73, 0, 0, 0, 0, 773.64, 154.73),
('0231381876257862393172395877', '1020', '1395906692', 'Eylul Polat', 'crd01', 20000.00, 0.00, 7000.00, 1041.37, '2025-08-09 00:00:00', '2025-08-20 00:00:00', 0.00, 0.00, 0, 0, 0, 0, 0.00, 0.00),
('028487423444649846574117163', '1091', '0077915995', 'Selin Arslan', 'crdPlatinum', 30000.00, 5407.41, 10500.00, 0.34, '2025-08-11 00:00:00', '2025-08-22 00:00:00', 16722.92, 3344.58, 0, 0, 0, 0, 16722.92, 3344.58),
('029496162240197599276932723', '1023', '9375433368', 'Fatma Polat', 'crdGold', 50000.00, 10608.50, 17500.00, 773.37, '2025-08-10 00:00:00', '2025-08-21 00:00:00', 0.00, 0.00, 0, 0, 0, 0, 0.00, 0.00),
('039473366217723697190678274', '1092', '9407279633', 'Hüseyin Duman', 'crd02', 30000.00, 0.00, 10500.00, 1220.74, '2025-08-18 00:00:00', '2025-08-29 00:00:00', 24558.79, 4911.76, 0, 0, 0, 0, 24558.79, 4911.76),
('0395267168005942538830538', '1056', '7866565502', 'Selin Aydın', 'crdGold', 50000.00, 26830.46, 17500.00, 83.56, '2025-08-12 00:00:00', '2025-08-23 00:00:00', 14441.23, 2888.25, 0, 0, 0, 0, 14441.23, 2888.25),
('0427852595829698522951455', '1015', '8055454450', 'Arda Avcı', 'crd01', 75000.00, 43357.32, 26250.00, 394.82, '2025-08-11 00:00:00', '2025-08-22 00:00:00', 17669.42, 3533.88, 0, 0, 0, 0, 17669.42, 3533.88),
('042814078828598235207358937', '1002', '6807927158', 'Ece Kara', 'crdGold', 50000.00, 17883.42, 17500.00, 755.43, '2025-08-12 00:00:00', '2025-08-23 00:00:00', 4830.28, 966.06, 0, 0, 0, 0, 4830.28, 966.06),
('0602362101661238464758477361', '1045', '9456947540', 'Ayşe Aydın', 'crd02', 75000.00, 41481.50, 26250.00, 922.48, '2025-08-09 00:00:00', '2025-08-20 00:00:00', 13008.04, 2601.61, 0, 0, 0, 0, 13008.04, 2601.61),
('06069048975571306151994242', '1054', '8205956866', 'Sude Kara', 'crdGold', 50000.00, 19928.84, 17500.00, 1306.16, '2025-08-13 00:00:00', '2025-08-24 00:00:00', 393.60, 78.72, 0, 0, 0, 0, 393.60, 78.72),
('0748168659544064360298138', '1080', '5701328704', 'Eylul Kaplan', 'crd02', 150000.00, 114534.15, 52500.00, 844.93, '2025-08-09 00:00:00', '2025-08-20 00:00:00', 15245.36, 3049.07, 0, 0, 0, 0, 15245.36, 3049.07),
('08301362996821069717903453', '1004', '6410772230', 'Eylul Öztürk', 'crd02', 50000.00, 0.00, 17500.00, 1131.18, '2025-08-19 00:00:00', '2025-08-30 00:00:00', 5375.33, 1075.07, 0, 0, 0, 0, 5375.33, 1075.07),
('089529279149586723749459531', '1035', '6272011993', 'Pelin Öztürk', 'crdPlatinum', 20000.00, 0.00, 7000.00, 1213.19, '2025-08-13 00:00:00', '2025-08-24 00:00:00', 0.00, 0.00, 0, 0, 0, 0, 0.00, 0.00),
('100566336785486586818237102', '1079', '0263594484', 'Baran Bal', 'crd01', 30000.00, 0.00, 10500.00, 1152.32, '2025-08-09 00:00:00', '2025-08-20 00:00:00', 2950.00, 590.00, 0, 0, 0, 0, 2950.00, 590.00),
('1165428732512007194537933', '1085', '5793365387', 'Kaan Ay', 'crdGold', 20000.00, 1393.34, 7000.00, 237.46, '2025-08-11 00:00:00', '2025-08-22 00:00:00', 2946.65, 589.33, 0, 0, 0, 0, 2946.65, 589.33),
('117230062036475742430696208', '1089', '4733314411', 'Berk Ege', 'crdPlatinum', 150000.00, 124962.25, 52500.00, 196.83, '2025-08-17 00:00:00', '2025-08-28 00:00:00', 17308.18, 3461.64, 0, 0, 0, 0, 17308.18, 3461.64),
('124049029103568518895269947', '1019', '1760658545', 'Serkan Kurt', 'crd01', 150000.00, 113813.15, 52500.00, 1466.13, '2025-08-11 00:00:00', '2025-08-22 00:00:00', 0.00, 0.00, 0, 0, 0, 0, 0.00, 0.00),
('131776402730335971249051759', '1072', '5761786911', 'Deniz Bulut', 'crd01', 30000.00, 16976.38, 10500.00, 981.55, '2025-08-18 00:00:00', '2025-08-29 00:00:00', 6089.29, 1217.86, 0, 0, 0, 0, 6089.29, 1217.86),
('1429931930903960369231163861', '1033', '0742655891', 'Ahmet Kara', 'crdPlatinum', 100000.00, 66177.57, 35000.00, 299.36, '2025-08-10 00:00:00', '2025-08-21 00:00:00', 0.00, 0.00, 0, 0, 0, 0, 0.00, 0.00),
('147890850573605025754769751', '1030', '6017121394', 'Ekin Demir', 'crd02', 20000.00, 0.00, 7000.00, 1015.63, '2025-08-16 00:00:00', '2025-08-27 00:00:00', 0.00, 0.00, 0, 0, 0, 0, 0.00, 0.00),
('15256741799826086467134311', '1081', '3714042618', 'Kaan Çelik', 'crd01', 150000.00, 110424.37, 52500.00, 863.55, '2025-08-13 00:00:00', '2025-08-24 00:00:00', 21411.62, 4282.32, 0, 0, 0, 0, 21411.62, 4282.32),
('152895864981478431587464253', '1022', '1388941667', 'Onur Şahin', 'crd01', 150000.00, 131177.90, 52500.00, 360.37, '2025-08-10 00:00:00', '2025-08-21 00:00:00', 8546.31, 1709.26, 0, 0, 0, 0, 8546.31, 1709.26),
('16863508861839020427413264', '1041', '6967210070', 'Arda Uçar', 'crd01', 30000.00, 0.00, 10500.00, 874.09, '2025-08-18 00:00:00', '2025-08-29 00:00:00', 0.00, 0.00, 0, 0, 0, 0, 0.00, 0.00),
('1701550683324861733107348', '1096', '3724452310', 'Can Korkmaz', 'crdGold', 20000.00, 0.00, 7000.00, 679.91, '2025-08-16 00:00:00', '2025-08-27 00:00:00', 0.00, 0.00, 0, 0, 0, 0, 0.00, 0.00),
('1716621499828214608155590', '1064', '5985978026', 'Cem Karaca', 'crdGold', 50000.00, 5979.88, 17500.00, 796.60, '2025-08-11 00:00:00', '2025-08-22 00:00:00', 0.00, 0.00, 0, 0, 0, 0, 0.00, 0.00),
('178572201958083770267151110', '1049', '8855208907', 'Pelin Polat', 'crd02', 50000.00, 13215.36, 17500.00, 433.78, '2025-08-17 00:00:00', '2025-08-28 00:00:00', 10806.49, 2161.30, 0, 0, 0, 0, 10806.49, 2161.30),
('192111768274477383661640129', '1053', '6189039454', 'Okan Sezen', 'crdPlatinum', 75000.00, 35956.14, 26250.00, 1217.00, '2025-08-17 00:00:00', '2025-08-28 00:00:00', 5388.30, 1077.66, 0, 0, 0, 0, 5388.30, 1077.66),
('197746502723761017360022593', '1084', '6931710206', 'Hasan Yıldırım', 'crd01', 100000.00, 64422.30, 35000.00, 948.10, '2025-08-18 00:00:00', '2025-08-29 00:00:00', 11622.14, 2324.43, 0, 0, 0, 0, 11622.14, 2324.43),
('20050216988473965458285790', '1004', '6410772230', 'Eylul Öztürk', 'crdGold', 20000.00, 0.00, 7000.00, 931.84, '2025-08-18 00:00:00', '2025-08-29 00:00:00', 6642.08, 1328.42, 0, 0, 0, 0, 6642.08, 1328.42),
('2059986553912200968789875991', '1059', '3220941642', 'Merve Ergin', 'crdGold', 30000.00, 0.00, 10500.00, 931.11, '2025-08-14 00:00:00', '2025-08-25 00:00:00', 28788.07, 5757.61, 0, 0, 0, 0, 28788.07, 5757.61),
('20902394412125521705099223', '1053', '6189039454', 'Okan Sezen', 'crdGold', 150000.00, 106690.91, 52500.00, 1254.50, '2025-08-16 00:00:00', '2025-08-27 00:00:00', 35240.74, 7048.15, 0, 0, 0, 0, 35240.74, 7048.15),
('214720969389988471139340548', '1093', '3433791745', 'Cem Uçar', 'crdPlatinum', 50000.00, 21981.87, 17500.00, 429.50, '2025-08-18 00:00:00', '2025-08-29 00:00:00', 21181.13, 4236.23, 0, 0, 0, 0, 21181.13, 4236.23),
('2291126830705392459780792920', '1080', '5701328704', 'Eylul Kaplan', 'crd01', 75000.00, 35013.56, 26250.00, 1391.44, '2025-08-15 00:00:00', '2025-08-26 00:00:00', 23745.51, 4749.10, 0, 0, 0, 0, 23745.51, 4749.10),
('25751522838876184602521153', '1076', '3291230627', 'Eylul Karaca', 'crdGold', 150000.00, 131740.31, 52500.00, 250.63, '2025-08-14 00:00:00', '2025-08-25 00:00:00', 3349.73, 669.95, 0, 0, 0, 0, 3349.73, 669.95),
('26340665722018057874200580', '1076', '3291230627', 'Eylul Karaca', 'crd02', 30000.00, 0.00, 10500.00, 1398.36, '2025-08-14 00:00:00', '2025-08-25 00:00:00', 5835.87, 1167.17, 0, 0, 0, 0, 5835.87, 1167.17),
('2702212698550271992585571156', '1086', '3629946824', 'Ekin Kaplan', 'crd02', 30000.00, 12014.03, 10500.00, 674.99, '2025-08-14 00:00:00', '2025-08-25 00:00:00', 2808.12, 561.62, 0, 0, 0, 0, 2808.12, 561.62),
('31074017845280400691087468', '1081', '3714042618', 'Kaan Çelik', 'crd02', 150000.00, 123715.61, 52500.00, 1461.91, '2025-08-13 00:00:00', '2025-08-24 00:00:00', 2019.79, 403.96, 0, 0, 0, 0, 2019.79, 403.96),
('3164076236541981621163145459', '1011', '6750101388', 'Kemal Ay', 'crd02', 20000.00, 0.00, 7000.00, 596.24, '2025-08-12 00:00:00', '2025-08-23 00:00:00', 0.00, 0.00, 0, 0, 0, 0, 0.00, 0.00),
('3165375190705944540144152', '1063', '9027198329', 'Ayşe Can', 'crd01', 150000.00, 111112.55, 52500.00, 1104.16, '2025-08-12 00:00:00', '2025-08-23 00:00:00', 16524.86, 3304.97, 0, 0, 0, 0, 16524.86, 3304.97),
('318580069010867001846028386', '1032', '3228963715', 'Tolga Özdemir', 'crd02', 150000.00, 115253.97, 52500.00, 1030.68, '2025-08-18 00:00:00', '2025-08-29 00:00:00', 8378.26, 1675.65, 0, 0, 0, 0, 8378.26, 1675.65),
('32165555191139954263473216', '1001', '8340055262', 'Gül Kara', 'crdGold', 100000.00, 68959.40, 35000.00, 593.51, '2025-08-13 00:00:00', '2025-08-24 00:00:00', 18528.53, 3705.71, 0, 0, 0, 0, 18528.53, 3705.71),
('33261348676225516554549020', '1044', '5141895921', 'Yaren Bulut', 'crdGold', 50000.00, 16966.86, 17500.00, 347.69, '2025-08-09 00:00:00', '2025-08-20 00:00:00', 5794.85, 1158.97, 0, 0, 0, 0, 5794.85, 1158.97),
('332725045474479691324264029', '1087', '5808302728', 'Gizem Bal', 'crdPlatinum', 150000.00, 119474.36, 52500.00, 232.56, '2025-08-16 00:00:00', '2025-08-27 00:00:00', 0.00, 0.00, 0, 0, 0, 0, 0.00, 0.00),
('33413305759434120292004283', '1013', '1562721665', 'Nil Aydın', 'crd02', 30000.00, 2892.18, 10500.00, 981.35, '2025-08-10 00:00:00', '2025-08-21 00:00:00', 22471.76, 4494.35, 0, 0, 0, 0, 22471.76, 4494.35),
('3422152444679982273639282282', '1028', '9904824737', 'Kaan Taş', 'crd01', 100000.00, 81240.43, 35000.00, 1245.24, '2025-08-09 00:00:00', '2025-08-20 00:00:00', 0.00, 0.00, 0, 0, 0, 0, 0.00, 0.00),
('3432755529171397608306728772', '1039', '5118254754', 'Gizem Şahin', 'crdGold', 20000.00, 0.00, 7000.00, 109.72, '2025-08-14 00:00:00', '2025-08-25 00:00:00', 0.00, 0.00, 0, 0, 0, 0, 0.00, 0.00),
('35326511612132547874582655', '1078', '5987228330', 'Fulya Bulut', 'crd01', 30000.00, 0.00, 10500.00, 647.53, '2025-08-18 00:00:00', '2025-08-29 00:00:00', 31864.37, 6372.87, 0, 0, 0, 0, 31864.37, 6372.87),
('3607060278887289423350322519', '1046', '7133229031', 'Onur Mercan', 'crd02', 50000.00, 16982.07, 17500.00, 875.71, '2025-08-14 00:00:00', '2025-08-25 00:00:00', 0.00, 0.00, 0, 0, 0, 0, 0.00, 0.00),
('3613523808448986314142790992', '1023', '9375433368', 'Fatma Polat', 'crd01', 50000.00, 25163.55, 17500.00, 1308.34, '2025-08-14 00:00:00', '2025-08-25 00:00:00', 16632.12, 3326.42, 0, 0, 0, 0, 16632.12, 3326.42),
('36377286544327960161804542', '1058', '2572232931', 'Hüseyin Aslan', 'crdGold', 30000.00, 0.00, 10500.00, 771.40, '2025-08-10 00:00:00', '2025-08-21 00:00:00', 14031.91, 2806.38, 0, 0, 0, 0, 14031.91, 2806.38),
('365989088073814712649744824', '1038', '4629168563', 'Sevgi Işık', 'crd01', 75000.00, 40407.74, 26250.00, 1.87, '2025-08-11 00:00:00', '2025-08-22 00:00:00', 174.79, 34.96, 0, 0, 0, 0, 174.79, 34.96),
('3765403346406395340140026', '1071', '5758363969', 'Berk Koç', 'crdPlatinum', 50000.00, 21879.45, 17500.00, 402.68, '2025-08-16 00:00:00', '2025-08-27 00:00:00', 18897.75, 3779.55, 0, 0, 0, 0, 18897.75, 3779.55),
('3791266221647643930564351', '1013', '1562721665', 'Nil Aydın', 'crdPlatinum', 100000.00, 71981.01, 35000.00, 1220.06, '2025-08-18 00:00:00', '2025-08-29 00:00:00', 0.00, 0.00, 0, 0, 0, 0, 0.00, 0.00),
('384575192721217388415652637', '1016', '8409054656', 'Berk Mercan', 'crd02', 20000.00, 0.00, 7000.00, 1376.16, '2025-08-11 00:00:00', '2025-08-22 00:00:00', 9700.56, 1940.11, 0, 0, 0, 0, 9700.56, 1940.11),
('385171616010537851734220334', '1074', '2684821750', 'İrem Karaca', 'crd02', 30000.00, 9574.93, 10500.00, 1305.86, '2025-08-19 00:00:00', '2025-08-30 00:00:00', 15618.79, 3123.76, 0, 0, 0, 0, 15618.79, 3123.76),
('3924157020182706433822668', '1006', '9488700156', 'Emre Uçar', 'crd02', 150000.00, 133579.10, 52500.00, 143.37, '2025-08-09 00:00:00', '2025-08-20 00:00:00', 2230.89, 446.18, 0, 0, 0, 0, 2230.89, 446.18),
('407681082021372347454294605', '1067', '4778461521', 'Özkan Uzun', 'crd01', 100000.00, 74431.22, 35000.00, 1487.33, '2025-08-11 00:00:00', '2025-08-22 00:00:00', 17807.63, 3561.53, 0, 0, 0, 0, 17807.63, 3561.53),
('4099588490091318367966086788', '1047', '6371318336', 'Fatma Erel', 'crdPlatinum', 100000.00, 69535.25, 35000.00, 58.86, '2025-08-16 00:00:00', '2025-08-27 00:00:00', 14976.20, 2995.24, 0, 0, 0, 0, 14976.20, 2995.24),
('41389046445826520823562162', '1058', '2572232931', 'Hüseyin Aslan', 'crd01', 75000.00, 31991.98, 26250.00, 1403.14, '2025-08-15 00:00:00', '2025-08-26 00:00:00', 22975.57, 4595.11, 0, 0, 0, 0, 22975.57, 4595.11),
('4288554223197550221386017', '1015', '8055454450', 'Arda Avcı', 'crd01', 30000.00, 0.00, 10500.00, 92.15, '2025-08-13 00:00:00', '2025-08-24 00:00:00', 8607.51, 1721.50, 0, 0, 0, 0, 8607.51, 1721.50),
('431463780593602033351844720', '1048', '1985088209', 'John Öz', 'crdGold', 30000.00, 14294.17, 10500.00, 409.51, '2025-08-12 00:00:00', '2025-08-23 00:00:00', 3889.99, 778.00, 0, 0, 0, 0, 3889.99, 778.00),
('4334559602362960237169683', '1072', '5761786911', 'Deniz Bulut', 'crd01', 30000.00, 0.00, 10500.00, 593.32, '2025-08-12 00:00:00', '2025-08-23 00:00:00', 0.00, 0.00, 0, 0, 0, 0, 0.00, 0.00),
('4410549496984934757346650372', '1056', '7866565502', 'Selin Aydın', 'crdGold', 30000.00, 0.00, 10500.00, 73.61, '2025-08-17 00:00:00', '2025-08-28 00:00:00', 12158.38, 2431.68, 0, 0, 0, 0, 12158.38, 2431.68),
('44585521078111850585985426', '1029', '3653787643', 'Okan Ay', 'crd01', 30000.00, 0.00, 10500.00, 687.19, '2025-08-12 00:00:00', '2025-08-23 00:00:00', 0.00, 0.00, 0, 0, 0, 0, 0.00, 0.00),
('44590653627362009299397421', '1070', '7663231851', 'John Mert', 'crd02', 30000.00, 0.00, 10500.00, 1166.21, '2025-08-11 00:00:00', '2025-08-22 00:00:00', 0.00, 0.00, 0, 0, 0, 0, 0.00, 0.00),
('4471608542540817590907442', '1018', '6745835191', 'Berk Demir', 'crdPlatinum', 20000.00, 0.00, 7000.00, 1434.10, '2025-08-17 00:00:00', '2025-08-28 00:00:00', 0.00, 0.00, 0, 0, 0, 0, 0.00, 0.00),
('449081003752332962067541850', '1055', '7609101298', 'Mehmet Özer', 'crd01', 20000.00, 0.00, 7000.00, 121.34, '2025-08-10 00:00:00', '2025-08-21 00:00:00', 5787.85, 1157.57, 0, 0, 0, 0, 5787.85, 1157.57),
('463264229476537347254218735', '1067', '4778461521', 'Özkan Uzun', 'crdGold', 75000.00, 33020.13, 26250.00, 18.00, '2025-08-14 00:00:00', '2025-08-25 00:00:00', 0.00, 0.00, 0, 0, 0, 0, 0.00, 0.00),
('480239090433587719071258367', '1051', '7640282676', 'Umut Tunç', 'crd01', 50000.00, 16980.94, 17500.00, 1364.15, '2025-08-10 00:00:00', '2025-08-21 00:00:00', 19300.04, 3860.01, 0, 0, 0, 0, 19300.04, 3860.01),
('48323818833210793171367363', '1099', '9866308470', 'Gül Ege', 'crd02', 20000.00, 0.00, 7000.00, 995.19, '2025-08-14 00:00:00', '2025-08-25 00:00:00', 0.00, 0.00, 0, 0, 0, 0, 0.00, 0.00),
('483995577675185129444383101', '1066', '0255893509', 'Hüseyin Erel', 'crd01', 30000.00, 11877.91, 10500.00, 853.21, '2025-08-18 00:00:00', '2025-08-29 00:00:00', 8717.72, 1743.54, 0, 0, 0, 0, 8717.72, 1743.54),
('4845007280239084483380677', '1026', '2530299520', 'John Özçelik', 'crd01', 75000.00, 45625.84, 26250.00, 115.71, '2025-08-09 00:00:00', '2025-08-20 00:00:00', 24960.47, 4992.09, 0, 0, 0, 0, 24960.47, 4992.09),
('49230846993109120342971137', '1066', '0255893509', 'Hüseyin Erel', 'crdGold', 75000.00, 30416.66, 26250.00, 375.09, '2025-08-12 00:00:00', '2025-08-23 00:00:00', 33975.73, 6795.15, 0, 0, 0, 0, 33975.73, 6795.15),
('492955800857097460438734055', '1052', '1811743066', 'Fatma Yıldız', 'crdGold', 150000.00, 104769.65, 52500.00, 1234.14, '2025-08-12 00:00:00', '2025-08-23 00:00:00', 17133.34, 3426.67, 0, 0, 0, 0, 17133.34, 3426.67),
('49634240940026823804976154', '1072', '5761786911', 'Deniz Bulut', 'crd02', 75000.00, 35083.39, 26250.00, 1096.00, '2025-08-19 00:00:00', '2025-08-30 00:00:00', 19134.63, 3826.93, 0, 0, 0, 0, 19134.63, 3826.93),
('5051445744947148686376270411', '1042', '3247114940', 'Pelin Karaca', 'crdPlatinum', 20000.00, 0.00, 7000.00, 1188.29, '2025-08-09 00:00:00', '2025-08-20 00:00:00', 14267.38, 2853.48, 0, 0, 0, 0, 14267.38, 2853.48),
('5130770368129173957128631745', '1048', '1985088209', 'John Öz', 'crdGold', 20000.00, 0.00, 7000.00, 253.37, '2025-08-10 00:00:00', '2025-08-21 00:00:00', 1455.62, 291.12, 0, 0, 0, 0, 1455.62, 291.12),
('5150798485970904355459054', '1090', '0338806564', 'Gül Mercan', 'crd01', 20000.00, 0.00, 7000.00, 666.40, '2025-08-13 00:00:00', '2025-08-24 00:00:00', 12366.43, 2473.29, 0, 0, 0, 0, 12366.43, 2473.29),
('52964620917267967430479439', '1099', '9866308470', 'Gül Ege', 'crdGold', 75000.00, 46455.59, 26250.00, 1199.64, '2025-08-19 00:00:00', '2025-08-30 00:00:00', 12117.39, 2423.48, 0, 0, 0, 0, 12117.39, 2423.48),
('5327778993194370498497287200', '1094', '2713120829', 'Emre Tekin', 'crdPlatinum', 100000.00, 75303.83, 35000.00, 642.18, '2025-08-18 00:00:00', '2025-08-29 00:00:00', 11449.94, 2289.99, 0, 0, 0, 0, 11449.94, 2289.99),
('5363805007134138928075755', '1050', '2225596636', 'Mehmet Bulut', 'crd02', 20000.00, 0.00, 7000.00, 1067.62, '2025-08-13 00:00:00', '2025-08-24 00:00:00', 19233.12, 3846.62, 0, 0, 0, 0, 19233.12, 3846.62),
('5396194318919410722491467', '1047', '6371318336', 'Fatma Erel', 'crd01', 150000.00, 112627.08, 52500.00, 1008.00, '2025-08-15 00:00:00', '2025-08-26 00:00:00', 0.00, 0.00, 0, 0, 0, 0, 0.00, 0.00),
('542541825081629227441541999', '1009', '9033285299', 'Tolga Çetin', 'crdPlatinum', 20000.00, 0.00, 7000.00, 380.81, '2025-08-16 00:00:00', '2025-08-27 00:00:00', 126.80, 25.36, 0, 0, 0, 0, 126.80, 25.36),
('54664610406330802756923740', '1082', '9722100091', 'Kaan Özdemir', 'crdPlatinum', 75000.00, 47027.89, 26250.00, 1049.54, '2025-08-16 00:00:00', '2025-08-27 00:00:00', 1162.98, 232.60, 0, 0, 0, 0, 1162.98, 232.60),
('5503340465703094993786295', '1001', '8340055262', 'Gül Kara', 'crd02', 30000.00, 0.00, 10500.00, 1071.77, '2025-08-17 00:00:00', '2025-08-28 00:00:00', 18734.92, 3746.98, 0, 0, 0, 0, 18734.92, 3746.98),
('553789393340851336376182463', '1024', '7437252183', 'Ece Erel', 'crd01', 30000.00, 0.00, 10500.00, 174.77, '2025-08-16 00:00:00', '2025-08-27 00:00:00', 18136.61, 3627.32, 0, 0, 0, 0, 18136.61, 3627.32),
('561039333301697751186882151', '1040', '4987059210', 'Sevgi Aksoy', 'crd01', 50000.00, 20349.11, 17500.00, 725.09, '2025-08-18 00:00:00', '2025-08-29 00:00:00', 3819.03, 763.81, 0, 0, 0, 0, 3819.03, 763.81),
('5750100200355014988056587', '1076', '3291230627', 'Eylul Karaca', 'crd02', 50000.00, 31337.05, 17500.00, 463.43, '2025-08-19 00:00:00', '2025-08-30 00:00:00', 15383.69, 3076.74, 0, 0, 0, 0, 15383.69, 3076.74),
('5826368593622860879877364', '1048', '1985088209', 'John Öz', 'crd02', 100000.00, 63488.30, 35000.00, 1385.40, '2025-08-17 00:00:00', '2025-08-28 00:00:00', 14551.82, 2910.36, 0, 0, 0, 0, 14551.82, 2910.36),
('5869233056201735311537997', '1007', '7984712102', 'Fatma Avcı', 'crd02', 30000.00, 0.00, 10500.00, 230.23, '2025-08-12 00:00:00', '2025-08-23 00:00:00', 29569.11, 5913.82, 0, 0, 0, 0, 29569.11, 5913.82),
('59734517312390464674963991', '1005', '3236216313', 'Berk Polat', 'crdGold', 30000.00, 2383.22, 10500.00, 437.06, '2025-08-10 00:00:00', '2025-08-21 00:00:00', 24088.00, 4817.60, 0, 0, 0, 0, 24088.00, 4817.60),
('60557344057725344265072526', '1085', '5793365387', 'Kaan Ay', 'crd02', 100000.00, 59467.11, 35000.00, 948.33, '2025-08-12 00:00:00', '2025-08-23 00:00:00', 31437.55, 6287.51, 0, 0, 0, 0, 31437.55, 6287.51),
('6058394216602293863313622588', '1003', '3790481917', 'Hasan Tunç', 'crdPlatinum', 30000.00, 0.00, 10500.00, 724.46, '2025-08-09 00:00:00', '2025-08-20 00:00:00', 18929.50, 3785.90, 0, 0, 0, 0, 18929.50, 3785.90),
('62009107187201378963736456', '1014', '1924564619', 'Gül Şahin', 'crdGold', 30000.00, 14207.58, 10500.00, 1010.67, '2025-08-11 00:00:00', '2025-08-22 00:00:00', 5269.78, 1053.96, 0, 0, 0, 0, 5269.78, 1053.96),
('6280279244709826794800251', '1061', '5188365324', 'Yaren Duman', 'crd02', 150000.00, 127373.90, 52500.00, 993.57, '2025-08-09 00:00:00', '2025-08-20 00:00:00', 17996.32, 3599.26, 0, 0, 0, 0, 17996.32, 3599.26),
('6291622563884508056248641405', '1042', '3247114940', 'Pelin Karaca', 'crdPlatinum', 100000.00, 60537.73, 35000.00, 118.78, '2025-08-16 00:00:00', '2025-08-27 00:00:00', 3395.16, 679.03, 0, 0, 0, 0, 3395.16, 679.03),
('632782025607415938509849505', '1040', '4987059210', 'Sevgi Aksoy', 'crd01', 30000.00, 1478.45, 10500.00, 1449.82, '2025-08-17 00:00:00', '2025-08-28 00:00:00', 23504.88, 4700.98, 0, 0, 0, 0, 23504.88, 4700.98),
('637588950991202460672511253', '1037', '4495085611', 'Deniz Tunç', 'crd01', 75000.00, 49707.64, 26250.00, 1263.22, '2025-08-19 00:00:00', '2025-08-30 00:00:00', 9710.66, 1942.13, 0, 0, 0, 0, 9710.66, 1942.13),
('637659861872156898926509094', '1007', '7984712102', 'Fatma Avcı', 'crdPlatinum', 30000.00, 0.00, 10500.00, 286.05, '2025-08-12 00:00:00', '2025-08-23 00:00:00', 0.00, 0.00, 0, 0, 0, 0, 0.00, 0.00),
('643740655340769201696931929', '1042', '3247114940', 'Pelin Karaca', 'crdGold', 100000.00, 71564.80, 35000.00, 654.29, '2025-08-10 00:00:00', '2025-08-21 00:00:00', 12501.70, 2500.34, 0, 0, 0, 0, 12501.70, 2500.34),
('644600056173880680003922544', '1070', '7663231851', 'John Mert', 'crdGold', 50000.00, 32621.45, 17500.00, 1325.71, '2025-08-11 00:00:00', '2025-08-22 00:00:00', 10419.29, 2083.86, 0, 0, 0, 0, 10419.29, 2083.86),
('6494509149859721144487478460', '1008', '1019084508', 'Sinem Taş', 'crd01', 100000.00, 77998.82, 35000.00, 1096.56, '2025-08-18 00:00:00', '2025-08-29 00:00:00', 17064.15, 3412.83, 0, 0, 0, 0, 17064.15, 3412.83),
('6537401776095806953401980', '1012', '1769100322', 'Cem Bal', 'crd01', 30000.00, 100.65, 10500.00, 644.65, '2025-08-16 00:00:00', '2025-08-27 00:00:00', 0.00, 0.00, 0, 0, 0, 0, 0.00, 0.00),
('659165581215098192494918898', '1069', '1169535066', 'Umut Aksoy', 'crd02', 20000.00, 0.00, 7000.00, 657.18, '2025-08-19 00:00:00', '2025-08-30 00:00:00', 8498.19, 1699.64, 0, 0, 0, 0, 8498.19, 1699.64),
('6642236615787310112253968', '1005', '3236216313', 'Berk Polat', 'crdGold', 100000.00, 82033.49, 35000.00, 1408.27, '2025-08-14 00:00:00', '2025-08-25 00:00:00', 0.00, 0.00, 0, 0, 0, 0, 0.00, 0.00),
('66908739049208172452729586', '1075', '8371340074', 'Zeynep Polat', 'crdGold', 30000.00, 0.00, 10500.00, 794.05, '2025-08-15 00:00:00', '2025-08-26 00:00:00', 17252.11, 3450.42, 0, 0, 0, 0, 17252.11, 3450.42),
('67664651005959853853247138', '1034', '1056299792', 'Gül Özkan', 'crd02', 20000.00, 0.00, 7000.00, 366.37, '2025-08-12 00:00:00', '2025-08-23 00:00:00', 517.10, 103.42, 0, 0, 0, 0, 517.10, 103.42),
('67972243621207756547587339', '1060', '1270699526', 'Hüseyin Polat', 'crd02', 150000.00, 92072.08, 52500.00, 118.71, '2025-08-14 00:00:00', '2025-08-25 00:00:00', 32881.00, 6576.20, 0, 0, 0, 0, 32881.00, 6576.20),
('6869554711654144080576749189', '1079', '0263594484', 'Baran Bal', 'crd01', 150000.00, 126414.25, 52500.00, 119.90, '2025-08-13 00:00:00', '2025-08-24 00:00:00', 12650.35, 2530.07, 0, 0, 0, 0, 12650.35, 2530.07),
('6879704429159356603941440756', '1000', '8615268428', 'Büşra Ay', 'crd02', 75000.00, 51906.82, 26250.00, 1340.39, '2025-08-11 00:00:00', '2025-08-22 00:00:00', 7143.28, 1428.66, 0, 0, 0, 0, 7143.28, 1428.66),
('6929255802886508600640653468', '1098', '0782070099', 'İrem Kurt', 'crdGold', 20000.00, 0.00, 7000.00, 1387.57, '2025-08-09 00:00:00', '2025-08-20 00:00:00', 10568.66, 2113.73, 0, 0, 0, 0, 10568.66, 2113.73),
('693004072044874470315141171', '1065', '8634116110', 'Merve Kaya', 'crdGold', 75000.00, 27054.37, 26250.00, 1142.63, '2025-08-14 00:00:00', '2025-08-25 00:00:00', 11644.02, 2328.80, 0, 0, 0, 0, 11644.02, 2328.80),
('696865705824164152296193775', '1003', '3790481917', 'Hasan Tunç', 'crdGold', 150000.00, 114250.71, 52500.00, 217.99, '2025-08-19 00:00:00', '2025-08-30 00:00:00', 7545.94, 1509.19, 0, 0, 0, 0, 7545.94, 1509.19),
('6993078159778316679834023559', '1041', '6967210070', 'Arda Uçar', 'crdGold', 75000.00, 36996.76, 26250.00, 525.08, '2025-08-12 00:00:00', '2025-08-23 00:00:00', 28060.82, 5612.16, 0, 0, 0, 0, 28060.82, 5612.16),
('71607776831864640969589029', '1016', '8409054656', 'Berk Mercan', 'crdPlatinum', 30000.00, 6269.44, 10500.00, 1058.16, '2025-08-16 00:00:00', '2025-08-27 00:00:00', 0.00, 0.00, 0, 0, 0, 0, 0.00, 0.00),
('7222039846065813663724891', '1098', '0782070099', 'İrem Kurt', 'crdGold', 20000.00, 0.00, 7000.00, 1277.89, '2025-08-12 00:00:00', '2025-08-23 00:00:00', 13658.15, 2731.63, 0, 0, 0, 0, 13658.15, 2731.63),
('7229719570294080361187696614', '1091', '0077915995', 'Selin Arslan', 'crdGold', 100000.00, 53065.72, 35000.00, 646.75, '2025-08-11 00:00:00', '2025-08-22 00:00:00', 4645.35, 929.07, 0, 0, 0, 0, 4645.35, 929.07),
('7399195020551397132168677895', '1036', '3997115848', 'Cansu Kaplan', 'crdPlatinum', 100000.00, 70763.73, 35000.00, 1099.89, '2025-08-17 00:00:00', '2025-08-28 00:00:00', 7135.12, 1427.02, 0, 0, 0, 0, 7135.12, 1427.02),
('7468539807766684041675326390', '1062', '6421856938', 'Burak Yılmaz', 'crd01', 50000.00, 0.00, 17500.00, 1497.27, '2025-08-12 00:00:00', '2025-08-23 00:00:00', 33384.82, 6676.96, 0, 0, 0, 0, 33384.82, 6676.96),
('755837945880307279444002866', '1027', '8241912665', 'Gökhan Tekin', 'crdPlatinum', 75000.00, 49202.03, 26250.00, 324.92, '2025-08-09 00:00:00', '2025-08-20 00:00:00', 22419.07, 4483.81, 0, 0, 0, 0, 22419.07, 4483.81),
('761517954493265612233951625', '1008', '1019084508', 'Sinem Taş', 'crdPlatinum', 100000.00, 68529.16, 35000.00, 1338.25, '2025-08-19 00:00:00', '2025-08-30 00:00:00', 23620.00, 4724.00, 0, 0, 0, 0, 23620.00, 4724.00),
('7650049227652578698195827947', '1043', '3919333359', 'Tolga Sezen', 'crd02', 150000.00, 131737.42, 52500.00, 591.57, '2025-08-15 00:00:00', '2025-08-26 00:00:00', 2498.59, 499.72, 0, 0, 0, 0, 2498.59, 499.72),
('77505176014756829664633406', '1073', '5151122137', 'Özkan Tekin', 'crdGold', 20000.00, 0.00, 7000.00, 196.83, '2025-08-09 00:00:00', '2025-08-20 00:00:00', 0.00, 0.00, 0, 0, 0, 0, 0.00, 0.00),
('7769561707915876001122801', '1038', '4629168563', 'Sevgi Işık', 'crd02', 100000.00, 73992.03, 35000.00, 436.06, '2025-08-09 00:00:00', '2025-08-20 00:00:00', 6647.51, 1329.50, 0, 0, 0, 0, 6647.51, 1329.50),
('7865759897857994764996847300', '1065', '8634116110', 'Merve Kaya', 'crd01', 50000.00, 26565.32, 17500.00, 185.83, '2025-08-17 00:00:00', '2025-08-28 00:00:00', 0.00, 0.00, 0, 0, 0, 0, 0.00, 0.00),
('7943718059625761573701935', '1087', '5808302728', 'Gizem Bal', 'crdPlatinum', 75000.00, 45582.46, 26250.00, 1192.92, '2025-08-19 00:00:00', '2025-08-30 00:00:00', 0.00, 0.00, 0, 0, 0, 0, 0.00, 0.00),
('795319024147459655812197172', '1040', '4987059210', 'Sevgi Aksoy', 'crdPlatinum', 50000.00, 28147.37, 17500.00, 197.22, '2025-08-09 00:00:00', '2025-08-20 00:00:00', 10970.53, 2194.11, 0, 0, 0, 0, 10970.53, 2194.11),
('79908978699838586592093407', '1077', '1332561932', 'Serkan Bal', 'crdGold', 30000.00, 13822.29, 10500.00, 208.81, '2025-08-09 00:00:00', '2025-08-20 00:00:00', 8775.58, 1755.12, 0, 0, 0, 0, 8775.58, 1755.12),
('8100951416757800096813782', '1087', '5808302728', 'Gizem Bal', 'crdPlatinum', 50000.00, 17887.39, 17500.00, 84.58, '2025-08-12 00:00:00', '2025-08-23 00:00:00', 24737.00, 4947.40, 0, 0, 0, 0, 24737.00, 4947.40),
('811230223200607029088700149', '1068', '0418728263', 'Sude Ergin', 'crd01', 75000.00, 37117.08, 26250.00, 971.24, '2025-08-16 00:00:00', '2025-08-27 00:00:00', 26022.47, 5204.49, 0, 0, 0, 0, 26022.47, 5204.49),
('814737199112546745088309844', '1083', '9060008309', 'Gül Özdemir', 'crd02', 20000.00, 0.00, 7000.00, 1485.65, '2025-08-13 00:00:00', '2025-08-24 00:00:00', 0.00, 0.00, 0, 0, 0, 0, 0.00, 0.00),
('82741617425247307680089876', '1025', '9721167988', 'Selin Doe', 'crd01', 50000.00, 36006.09, 17500.00, 545.03, '2025-08-17 00:00:00', '2025-08-28 00:00:00', 6765.42, 1353.08, 0, 0, 0, 0, 6765.42, 1353.08),
('8335625675280173478463219', '1021', '8464566410', 'Naz Bal', 'crdPlatinum', 20000.00, 0.00, 7000.00, 365.24, '2025-08-09 00:00:00', '2025-08-20 00:00:00', 0.00, 0.00, 0, 0, 0, 0, 0.00, 0.00),
('8371746184473999295548452', '1065', '8634116110', 'Merve Kaya', 'crd02', 50000.00, 2393.01, 17500.00, 1228.42, '2025-08-10 00:00:00', '2025-08-21 00:00:00', 19958.46, 3991.69, 0, 0, 0, 0, 19958.46, 3991.69),
('8387150132252026416173385122', '1033', '0742655891', 'Ahmet Kara', 'crdPlatinum', 150000.00, 123475.70, 52500.00, 709.92, '2025-08-09 00:00:00', '2025-08-20 00:00:00', 20489.68, 4097.94, 0, 0, 0, 0, 20489.68, 4097.94),
('839342738370784502661908933', '1098', '0782070099', 'İrem Kurt', 'crdGold', 100000.00, 75901.24, 35000.00, 912.29, '2025-08-13 00:00:00', '2025-08-24 00:00:00', 0.00, 0.00, 0, 0, 0, 0, 0.00, 0.00),
('844249578315160805012616700', '1097', '9827408246', 'Ekin Kaya', 'crd01', 150000.00, 129145.60, 52500.00, 502.44, '2025-08-15 00:00:00', '2025-08-26 00:00:00', 0.00, 0.00, 0, 0, 0, 0, 0.00, 0.00),
('8524970772991163272923948', '1094', '2713120829', 'Emre Tekin', 'crd02', 100000.00, 77419.38, 35000.00, 716.51, '2025-08-14 00:00:00', '2025-08-25 00:00:00', 11889.56, 2377.91, 0, 0, 0, 0, 11889.56, 2377.91),
('855133334440039581564689186', '1079', '0263594484', 'Baran Bal', 'crd02', 150000.00, 128619.05, 52500.00, 1450.19, '2025-08-09 00:00:00', '2025-08-20 00:00:00', 0.00, 0.00, 0, 0, 0, 0, 0.00, 0.00),
('856606440997481696264040081', '1030', '6017121394', 'Ekin Demir', 'crd01', 20000.00, 0.00, 7000.00, 190.39, '2025-08-15 00:00:00', '2025-08-26 00:00:00', 1097.14, 219.43, 0, 0, 0, 0, 1097.14, 219.43),
('8749496211779682299043974009', '1084', '6931710206', 'Hasan Yıldırım', 'crd02', 50000.00, 10121.33, 17500.00, 483.83, '2025-08-19 00:00:00', '2025-08-30 00:00:00', 11445.06, 2289.01, 0, 0, 0, 0, 11445.06, 2289.01),
('87734776300483099492900483', '1017', '2137012636', 'Kaan Avcı', 'crdGold', 150000.00, 112086.61, 52500.00, 1423.42, '2025-08-16 00:00:00', '2025-08-27 00:00:00', 1401.34, 280.27, 0, 0, 0, 0, 1401.34, 280.27),
('8907779229581717099863146', '1028', '9904824737', 'Kaan Taş', 'crdPlatinum', 50000.00, 18859.32, 17500.00, 1403.52, '2025-08-10 00:00:00', '2025-08-21 00:00:00', 25226.19, 5045.24, 0, 0, 0, 0, 25226.19, 5045.24),
('90143114052051665706414071', '1095', '1400984928', 'Özkan Mercan', 'crd01', 50000.00, 5375.40, 17500.00, 480.23, '2025-08-19 00:00:00', '2025-08-30 00:00:00', 0.00, 0.00, 0, 0, 0, 0, 0.00, 0.00),
('9014765573832112061509195', '1064', '5985978026', 'Cem Karaca', 'crd02', 100000.00, 70254.53, 35000.00, 257.44, '2025-08-15 00:00:00', '2025-08-26 00:00:00', 0.00, 0.00, 0, 0, 0, 0, 0.00, 0.00),
('91213629839341447659845777', '1010', '3838435868', 'Tolga Uzun', 'crdPlatinum', 30000.00, 0.00, 10500.00, 678.44, '2025-08-16 00:00:00', '2025-08-27 00:00:00', 19410.25, 3882.05, 0, 0, 0, 0, 19410.25, 3882.05),
('917139406762064690705526120', '1085', '5793365387', 'Kaan Ay', 'crd02', 75000.00, 55181.36, 26250.00, 1025.04, '2025-08-17 00:00:00', '2025-08-28 00:00:00', 139.77, 27.95, 0, 0, 0, 0, 139.77, 27.95),
('94647159256163846170420325', '1055', '7609101298', 'Mehmet Özer', 'crd01', 50000.00, 11253.24, 17500.00, 805.01, '2025-08-16 00:00:00', '2025-08-27 00:00:00', 15695.00, 3139.00, 0, 0, 0, 0, 15695.00, 3139.00),
('95078301662362982413635547', '1007', '7984712102', 'Fatma Avcı', 'crdGold', 20000.00, 0.00, 7000.00, 921.63, '2025-08-13 00:00:00', '2025-08-24 00:00:00', 1181.81, 236.36, 0, 0, 0, 0, 1181.81, 236.36),
('95555518371498451202031512', '1095', '1400984928', 'Özkan Mercan', 'crdPlatinum', 50000.00, 7697.71, 17500.00, 454.29, '2025-08-15 00:00:00', '2025-08-26 00:00:00', 10920.73, 2184.15, 0, 0, 0, 0, 10920.73, 2184.15),
('9580805773449532306866491649', '1057', '5263410141', 'Cem Can', 'crd02', 20000.00, 5438.06, 7000.00, 52.96, '2025-08-16 00:00:00', '2025-08-27 00:00:00', 10912.12, 2182.42, 0, 0, 0, 0, 10912.12, 2182.42),
('961820892650580387649859890', '1037', '4495085611', 'Deniz Tunç', 'crd02', 100000.00, 73633.28, 35000.00, 1084.97, '2025-08-12 00:00:00', '2025-08-23 00:00:00', 12685.93, 2537.19, 0, 0, 0, 0, 12685.93, 2537.19),
('9624329129594807605336523', '1031', '9498087821', 'Gökhan Bozkurt', 'crd02', 75000.00, 54081.44, 26250.00, 835.47, '2025-08-13 00:00:00', '2025-08-24 00:00:00', 0.00, 0.00, 0, 0, 0, 0, 0.00, 0.00),
('971146426816514742958170093', '1094', '2713120829', 'Emre Tekin', 'crd02', 150000.00, 115968.57, 52500.00, 1334.36, '2025-08-19 00:00:00', '2025-08-30 00:00:00', 8626.99, 1725.40, 0, 0, 0, 0, 8626.99, 1725.40),
('99122173989792410824576254', '1082', '9722100091', 'Kaan Özdemir', 'crd01', 75000.00, 51489.34, 26250.00, 916.87, '2025-08-09 00:00:00', '2025-08-20 00:00:00', 8676.58, 1735.32, 0, 0, 0, 0, 8676.58, 1735.32),
('99335502403248796183942806', '1088', '3305586339', 'Büşra Şahin', 'crd02', 50000.00, 18701.94, 17500.00, 10.06, '2025-08-14 00:00:00', '2025-08-25 00:00:00', 15794.92, 3158.98, 0, 0, 0, 0, 15794.92, 3158.98),
('9997546329868699962637773', '1066', '0255893509', 'Hüseyin Erel', 'crd01', 50000.00, 24732.60, 17500.00, 518.69, '2025-08-12 00:00:00', '2025-08-23 00:00:00', 8059.45, 1611.89, 0, 0, 0, 0, 8059.45, 1611.89);

-- --------------------------------------------------------

--
-- Структура таблицы `mcc_catalog`
--

CREATE TABLE `mcc_catalog` (
  `mcc` varchar(10) NOT NULL,
  `description` varchar(255) NOT NULL
) ENGINE=InnoDB DEFAULT CHARSET=utf8mb4 COLLATE=utf8mb4_general_ci;

--
-- Дамп данных таблицы `mcc_catalog`
--

INSERT INTO `mcc_catalog` (`mcc`, `description`) VALUES
('4111', 'Local/Suburban Commuter Passenger Transport'),
('4121', 'Taxicabs and Limousines'),
('4131', 'Bus Lines'),
('4814', 'Telecommunication Services'),
('4899', 'Cable, Satellite, and Other Pay Television and Radio'),
('4900', 'Utilities—Electric, Gas, Heating Oil, Sanitary, Water'),
('5211', 'Lumber and Building Materials Stores'),
('5311', 'Department Stores'),
('5331', 'Variety Stores'),
('5399', 'Miscellaneous General Merchandise Stores'),
('5411', 'Grocery Stores, Supermarkets'),
('5441', 'Candy, Nut, and Confectionery Stores'),
('5462', 'Bakeries'),
('5611', 'Men\'s and Boys\' Clothing and Accessory Stores'),
('5621', 'Women\'s Ready-To-Wear Stores'),
('5651', 'Family Clothing Stores'),
('5661', 'Shoe Stores'),
('5691', 'Men\'s and Women\'s Clothing Stores'),
('5713', 'Floor Covering Stores'),
('5714', 'Drapery, Window Covering and Upholstery Stores'),
('5812', 'Eating Places and Restaurants'),
('5814', 'Fast Food Restaurants'),
('5912', 'Drug Stores and Pharmacies'),
('5921', 'Package Stores—Beer, Wine, and Liquor'),
('5942', 'Book Stores'),
('5943', 'Stationery Stores, Office and School Supply Stores'),
('5947', 'Gift, Card, Novelty, and Souvenir Shops'),
('5995', 'Pet Shops, Pet Food, and Supplies'),
('6010', 'Member Financial Institution—Manual Cash Disbursements'),
('7523', 'Parking Lots and Garages'),
('7991', 'Tourist Attractions and Exhibits'),
('mcc', 'description');

-- --------------------------------------------------------

--
-- Структура таблицы `mcc_category_rules`
--

CREATE TABLE `mcc_category_rules` (
  `rule_id` int(10) UNSIGNED NOT NULL,
  `range_start` int(10) UNSIGNED NOT NULL,
  `range_end` int(10) UNSIGNED NOT NULL,
  `category_l1` varchar(50) NOT NULL,
  `category_l2` varchar(80) DEFAULT NULL,
  `notes` varchar(255) DEFAULT NULL
) ;

--
-- Дамп данных таблицы `mcc_category_rules`
--

INSERT INTO `mcc_category_rules` (`rule_id`, `range_start`, `range_end`, `category_l1`, `category_l2`, `notes`) VALUES
(2, 1, 1499, 'Services', 'Agricultural Services', 'Generic agricultural services'),
(3, 1500, 2999, 'Services', 'Contracted Services', 'Construction/contracted services'),
(4, 3000, 3299, 'Travel & Transport', 'Airlines', 'Air carriers (T&E)'),
(5, 3300, 3499, 'Travel & Transport', 'Car Rental', 'Auto rental (T&E)'),
(6, 3500, 3999, 'Travel & Transport', 'Lodging', 'Hotels & lodging (T&E)'),
(7, 4000, 4799, 'Travel & Transport', 'Transportation Services', 'General transport (rail, ferries, etc.)'),
(8, 4800, 4999, 'Utilities', 'Telecom & Utilities', 'Telecom, cable, utilities'),
(9, 5000, 5599, 'Retail', 'Retail Outlet Services', 'General retail services'),
(10, 5600, 5699, 'Retail', 'Apparel & Shoes', 'Clothing & shoes'),
(11, 5700, 5799, 'Retail', 'Home, Electronics & Misc.', 'Home goods, furniture, electronics'),
(12, 5800, 5899, 'Dining & Entertainment', 'Food & Beverage', 'Restaurants, bars, fast food'),
(13, 5900, 5999, 'Retail', 'Specialty & Misc.', 'Specialty retail'),
(14, 6000, 6099, 'Financial & Cash', 'Cash & Financial Services', 'Cash advance, financial services'),
(15, 6100, 6299, 'Financial & Cash', 'Investments & Securities', 'Securities and investments'),
(16, 6300, 6399, 'Insurance', 'Insurance', 'Premiums and insurance'),
(17, 6500, 6599, 'Housing & Rent', 'Rent & Real Estate', 'Real estate & rent'),
(18, 7000, 7099, 'Travel & Transport', 'Lodging (Hotels)', 'Alternate hotel ranges used by some schemes'),
(19, 7100, 7299, 'Services', 'Cleaning & Personal Services', 'Laundry, salons, personal services'),
(20, 7300, 7799, 'Services', 'Business Services', 'Advertising, consulting, etc.'),
(21, 7800, 7999, 'Entertainment & Leisure', 'Entertainment & Gambling', 'Lottery, amusement, etc.'),
(22, 8000, 8999, 'Services', 'Professional & Membership Orgs', 'Medical/legal, membership orgs'),
(23, 9000, 9999, 'Government & Taxes', 'Government Services & Taxes', 'Government services and taxes');

-- --------------------------------------------------------

--
-- Структура таблицы `mcc_overrides`
--

CREATE TABLE `mcc_overrides` (
  `mcc` varchar(10) NOT NULL,
  `description` varchar(255) NOT NULL,
  `category_l1` varchar(50) NOT NULL,
  `category_l2` varchar(80) DEFAULT NULL,
  `is_high_risk` tinyint(1) NOT NULL DEFAULT 0,
  `notes` varchar(255) DEFAULT NULL
) ENGINE=InnoDB DEFAULT CHARSET=utf8mb4 COLLATE=utf8mb4_general_ci;

--
-- Дамп данных таблицы `mcc_overrides`
--

INSERT INTO `mcc_overrides` (`mcc`, `description`, `category_l1`, `category_l2`, `is_high_risk`, `notes`) VALUES
('4111', 'Local/Suburban Commuter Passenger Transport', 'Travel & Transport', 'Local Transit', 0, ''),
('4121', 'Taxicabs and Limousines', 'Travel & Transport', 'Taxi & Ride-hailing', 0, ''),
('4131', 'Bus Lines', 'Travel & Transport', 'Intercity Bus', 0, ''),
('4814', 'Telecommunication Services', 'Utilities', 'Telecom', 0, ''),
('4899', 'Cable, Satellite, and Other Pay Television and Radio', 'Utilities', 'Cable & Streaming', 0, ''),
('4900', 'Utilities—Electric, Gas, Heating Oil, Sanitary, Water', 'Utilities', 'Utilities', 0, ''),
('5211', 'Lumber and Building Materials Stores', 'Retail', 'Home Improvement', 0, ''),
('5311', 'Department Stores', 'Retail', 'Department Stores', 0, ''),
('5331', 'Variety Stores', 'Retail', 'Variety & Discount Stores', 0, ''),
('5399', 'Miscellaneous General Merchandise Stores', 'Retail', 'General Merchandise', 0, ''),
('5411', 'Grocery Stores, Supermarkets', 'Essentials', 'Groceries', 0, ''),
('5441', 'Candy, Nut, and Confectionery Stores', 'Essentials', 'Specialty Food & Candy', 0, ''),
('5462', 'Bakeries', 'Essentials', 'Bakeries', 0, ''),
('5611', 'Men\'s and Boys\' Clothing and Accessory Stores', 'Retail', 'Clothing — Men\'s', 0, ''),
('5621', 'Women\'s Ready-To-Wear Stores', 'Retail', 'Clothing — Women\'s', 0, ''),
('5651', 'Family Clothing Stores', 'Retail', 'Clothing — Family', 0, ''),
('5661', 'Shoe Stores', 'Retail', 'Shoes', 0, ''),
('5691', 'Men\'s and Women\'s Clothing Stores', 'Retail', 'Clothing — General', 0, ''),
('5713', 'Floor Covering Stores', 'Retail', 'Flooring', 0, ''),
('5714', 'Drapery, Window Covering and Upholstery Stores', 'Retail', 'Window Coverings & Upholstery', 0, ''),
('5812', 'Eating Places and Restaurants', 'Dining & Entertainment', 'Restaurants', 0, ''),
('5814', 'Fast Food Restaurants', 'Dining & Entertainment', 'Fast Food', 0, ''),
('5912', 'Drug Stores and Pharmacies', 'Health & Medical', 'Pharmacies', 0, ''),
('5921', 'Package Stores—Beer, Wine, and Liquor', 'Dining & Entertainment', 'Alcohol Retail', 0, ''),
('5942', 'Book Stores', 'Retail', 'Books & Media', 0, ''),
('5943', 'Stationery Stores, Office and School Supply Stores', 'Retail', 'Office & School Supplies', 0, ''),
('5947', 'Gift, Card, Novelty, and Souvenir Shops', 'Retail', 'Gifts & Souvenirs', 0, ''),
('5995', 'Pet Shops, Pet Food, and Supplies', 'Retail', 'Pet Supplies', 0, ''),
('6010', 'Member Financial Institution—Manual Cash Disbursements', 'Financial & Cash', 'Cash Advance', 1, 'Cash-like'),
('7523', 'Parking Lots and Garages', 'Travel & Transport', 'Parking', 0, ''),
('7991', 'Tourist Attractions and Exhibits', 'Entertainment & Leisure', 'Tourist Attractions', 0, ''),
('mcc', 'description', 'category_l1', 'category_l2', 0, 'notes');

-- --------------------------------------------------------

--
-- Структура таблицы `transactions`
--

CREATE TABLE `transactions` (
  `id` bigint(20) UNSIGNED NOT NULL,
  `assign_no` varchar(64) NOT NULL,
  `user_id` varchar(32) NOT NULL,
  `txn_amount` decimal(14,2) NOT NULL,
  `txn_currency_amount` decimal(14,2) DEFAULT NULL,
  `description` varchar(255) DEFAULT NULL,
  `txn_datetime` datetime NOT NULL,
  `debt_or_credit` enum('B','A') DEFAULT NULL,
  `can_post_installment` tinyint(1) NOT NULL,
  `authorization_code` varchar(32) DEFAULT NULL,
  `mcc` varchar(10) DEFAULT NULL,
  `reward_points` decimal(14,2) DEFAULT NULL,
  `transaction_id_raw` varchar(64) DEFAULT NULL,
  `transaction_type` varchar(16) DEFAULT NULL,
  `processing_stage` varchar(8) DEFAULT NULL
) ENGINE=InnoDB DEFAULT CHARSET=utf8mb4 COLLATE=utf8mb4_general_ci;

--
-- Дамп данных таблицы `transactions`
--

INSERT INTO `transactions` (`id`, `assign_no`, `user_id`, `txn_amount`, `txn_currency_amount`, `description`, `txn_datetime`, `debt_or_credit`, `can_post_installment`, `authorization_code`, `mcc`, `reward_points`, `transaction_id_raw`, `transaction_type`, `processing_stage`) VALUES
(1, '6879704429159356603941440756', '1000', 117.98, 0.00, 'PlayLand Oyun Salonu', '2025-08-01 09:15:52', 'B', 1, '400040', '7991', 0.20, '98000223', 'Hareket', '0'),
(2, '6879704429159356603941440756', '1000', 1179.78, 0.00, 'Beyefendi Giyim', '2025-08-01 13:09:43', 'B', 1, '400028', '5611', 2.04, '98000153', 'Hareket', '0'),
(3, '6879704429159356603941440756', '1000', 168.05, 0.00, 'Kapalı Otopark', '2025-08-02 09:56:15', 'B', 1, '400014', '7523', 0.32, '98000077', 'Hareket', '0'),
(4, '6879704429159356603941440756', '1000', 810.07, 0.00, 'Hanımefendi Giyim', '2025-08-02 14:15:33', 'B', 1, '400031', '5621', 1.32, '98000169', 'Hareket', '0'),
(5, '6879704429159356603941440756', '1000', 106.50, 0.00, 'Ada Çarşı', '2025-08-02 14:20:54', 'B', 1, '400049', '5399', 0.19, '98000275', 'Hareket', '0'),
(6, '6879704429159356603941440756', '1000', -7214.08, 0.00, 'Ödeme - Teşekkür Ederiz -', '2025-08-02 16:09:15', 'A', 0, '', '6010', 0.00, '', '', ''),
(7, '6879704429159356603941440756', '1000', 47.93, 0.00, 'Kıbrıs Otobüs İşletmesi', '2025-08-02 19:48:11', 'B', 1, '400002', '4131', 0.08, '98000014', 'Hareket', '0'),
(8, '6879704429159356603941440756', '1000', 128.70, 0.00, 'Havalimanı Taksi', '2025-08-03 10:34:56', 'B', 1, '400010', '4121', 0.22, '98000052', 'Hareket', '0'),
(9, '6879704429159356603941440756', '1000', 432.63, 0.00, 'Stor & Zebra', '2025-08-03 15:05:45', 'B', 1, '400043', '5714', 0.65, '98000242', 'Hareket', '0'),
(10, '6879704429159356603941440756', '1000', 110.32, 0.00, 'PlayLand Oyun Salonu', '2025-08-03 21:12:11', 'B', 1, '400017', '7991', 0.18, '98000092', 'Hareket', '0'),
(11, '6879704429159356603941440756', '1000', 44.72, 0.00, 'Doğu Hatları', '2025-08-03 21:47:08', 'B', 1, '400041', '4131', 0.07, '98000227', 'Hareket', '0'),
(12, '6879704429159356603941440756', '1000', 1123.22, 0.00, 'Ayakkabı Dünyası', '2025-08-03 22:07:26', 'B', 1, '400044', '5661', 1.74, '98000248', 'Hareket', '0'),
(13, '6879704429159356603941440756', '1000', 243.34, 0.00, 'Ada Çarşı', '2025-08-05 11:05:03', 'B', 1, '400019', '5399', 0.46, '98000100', 'Hareket', '0'),
(14, '6879704429159356603941440756', '1000', 92.18, 0.00, 'Defter & Kalem', '2025-08-05 22:48:20', 'B', 1, '400016', '5943', 0.15, '98000088', 'Hareket', '0'),
(15, '6879704429159356603941440756', '1000', 443.15, 0.00, 'İleli Trading', '2025-08-06 14:16:21', 'B', 1, '400027', '5411', 0.71, '98000148', 'Hareket', '0'),
(16, '6879704429159356603941440756', '1000', 77.36, 0.00, 'Fıstıkçı Şahap', '2025-08-06 22:38:50', 'B', 1, '400038', '5441', 0.15, '98000207', 'Hareket', '0'),
(17, '6879704429159356603941440756', '1000', 236.28, 0.00, 'Beyefendi Giyim', '2025-08-07 13:20:12', 'B', 1, '400003', '5611', 0.38, '98000021', 'Hareket', '0'),
(18, '6879704429159356603941440756', '1000', 123.68, 0.00, 'Merkez Eczanesi', '2025-08-07 13:57:20', 'B', 1, '400045', '5912', 0.22, '98000254', 'Hareket', '0'),
(19, '6879704429159356603941440756', '1000', 1420.79, 0.00, 'Kereste Ticaret        KKTC         TR  [Provizyon]', '2025-08-08 11:05:34', 'B', 1, '400000', '5211', 0.00, '98000006', 'Prov', '1'),
(20, '6879704429159356603941440756', '1000', 797.03, 0.00, 'Renkli Çerçeve', '2025-08-08 21:12:29', 'B', 1, '400032', '5947', 1.33, '98000172', 'Hareket', '0'),
(21, '6879704429159356603941440756', '1000', 357.53, 0.00, 'İnternet Ödemesi', '2025-08-08 23:16:04', 'B', 1, '400013', '4814', 0.68, '98000069', 'Hareket', '0'),
(22, '6879704429159356603941440756', '1000', 1101.65, 0.00, 'Klas Erkek', '2025-08-09 12:06:18', 'B', 1, '400022', '5611', 1.86, '98000119', 'Hareket', '0'),
(23, '6879704429159356603941440756', '1000', 98.47, 0.00, 'Express Döner', '2025-08-09 17:40:13', 'B', 1, '400018', '5814', 0.17, '98000098', 'Hareket', '0'),
(24, '6879704429159356603941440756', '1000', 101.86, 0.00, 'Ucuzluk Pazarı', '2025-08-09 22:44:12', 'B', 1, '400033', '5331', 0.19, '98000177', 'Hareket', '0'),
(25, '6879704429159356603941440756', '1000', 824.82, 0.00, 'Yapı Market AŞ', '2025-08-09 23:57:28', 'B', 1, '400005', '5211', 1.32, '98000030', 'Hareket', '0'),
(26, '6879704429159356603941440756', '1000', 102.50, 0.00, 'Garden Kafe', '2025-08-10 09:33:03', 'B', 1, '400001', '5812', 0.19, '98000009', 'Hareket', '0'),
(27, '6879704429159356603941440756', '1000', 197.27, 0.00, 'Uydu TV', '2025-08-10 11:34:20', 'B', 1, '400035', '4899', 0.32, '98000191', 'Hareket', '0'),
(28, '6879704429159356603941440756', '1000', 165.26, 0.00, 'Havalimanı Taksi', '2025-08-10 15:14:45', 'B', 1, '400047', '4121', 0.25, '98000269', 'Hareket', '0'),
(29, '6879704429159356603941440756', '1000', 157.85, 0.00, 'Tandır Ekmek Fırını', '2025-08-10 18:26:11', 'B', 1, '400023', '5462', 0.27, '98000127', 'Hareket', '0'),
(30, '6879704429159356603941440756', '1000', 42.98, 0.00, 'Tandır Ekmek Fırını', '2025-08-10 23:11:57', 'B', 1, '400036', '5462', 0.07, '98000197', 'Hareket', '0'),
(31, '6879704429159356603941440756', '1000', 59.04, 0.00, 'Havalimanı Taksi       KKTC         TR  [Provizyon]', '2025-08-11 20:17:08', 'B', 1, '400020', '4121', 0.00, '98000106', 'Prov', '1'),
(32, '6879704429159356603941440756', '1000', 174.70, 0.00, 'Sevimli Dostlar', '2025-08-11 21:34:09', 'B', 1, '400050', '5995', 0.32, '98000278', 'Hareket', '0'),
(33, '6879704429159356603941440756', '1000', 635.21, 0.00, 'Aile Giyim', '2025-08-12 09:22:19', 'B', 1, '400030', '5651', 1.16, '98000160', 'Hareket', '0'),
(34, '6879704429159356603941440756', '1000', 182.77, 0.00, 'Abiye & Aksesuar', '2025-08-12 12:17:52', 'B', 1, '400011', '5691', 0.28, '98000057', 'Hareket', '0'),
(35, '6879704429159356603941440756', '1000', 321.91, 0.00, 'Ada Kitap', '2025-08-12 16:15:03', 'B', 1, '400039', '5942', 0.54, '98000216', 'Hareket', '0'),
(36, '6879704429159356603941440756', '1000', 476.04, 0.00, 'Stor & Zebra           KKTC         TR  [Provizyon]', '2025-08-12 21:59:32', 'B', 1, '400009', '5714', 0.00, '98000046', 'Prov', '1'),
(37, '6879704429159356603941440756', '1000', 948.51, 0.00, 'İçki Dünyası', '2025-08-14 11:02:27', 'B', 1, '400025', '5921', 1.88, '98000139', 'Hareket', '0'),
(38, '6879704429159356603941440756', '1000', 678.57, 0.00, 'Perde Sanatı', '2025-08-14 13:14:54', 'B', 1, '400024', '5714', 1.31, '98000133', 'Hareket', '0'),
(39, '6879704429159356603941440756', '1000', 376.94, 0.00, 'İkas Express Market', '2025-08-14 15:41:03', 'B', 1, '400006', '5411', 0.59, '98000033', 'Hareket', '0'),
(40, '6879704429159356603941440756', '1000', 286.41, 0.00, 'Doğalgaz Ödemesi       KKTC         TR  [Provizyon]', '2025-08-14 18:45:12', 'B', 1, '400015', '4900', 0.00, '98000079', 'Prov', '1'),
(41, '6879704429159356603941440756', '1000', 417.12, 0.00, 'City AVM', '2025-08-14 22:57:33', 'B', 1, '400026', '5311', 0.69, '98000140', 'Hareket', '0'),
(42, '6879704429159356603941440756', '1000', 473.73, 0.00, 'Sevimli Dostlar', '2025-08-15 09:32:54', 'B', 1, '400008', '5995', 0.74, '98000041', 'Hareket', '0'),
(43, '6879704429159356603941440756', '1000', 1282.74, 0.00, 'Beyefendi Giyim', '2025-08-15 16:37:47', 'B', 1, '400021', '5611', 2.02, '98000115', 'Hareket', '0'),
(44, '6879704429159356603941440756', '1000', -8063.14, 0.00, 'Ödeme - Teşekkür Ederiz -', '2025-08-15 19:06:28', 'A', 0, '', '6010', 0.00, '', '', ''),
(45, '6879704429159356603941440756', '1000', 31.03, 0.00, 'Girne Minibüs', '2025-08-15 19:49:56', 'B', 1, '400046', '4111', 0.06, '98000262', 'Hareket', '0'),
(46, '6879704429159356603941440756', '1000', 233.16, 0.00, 'Ada Çarşı', '2025-08-15 20:55:10', 'B', 1, '400007', '5399', 0.46, '98000038', 'Hareket', '0'),
(47, '6879704429159356603941440756', '1000', 3138.80, 0.00, 'Seramik Zemin', '2025-08-16 10:13:41', 'B', 1, '400048', '5713', 5.68, '98000271', 'Hareket', '0'),
(48, '6879704429159356603941440756', '1000', 1186.00, 0.00, 'Ayakkabı Dünyası', '2025-08-16 12:37:28', 'B', 1, '400029', '5661', 1.88, '98000155', 'Hareket', '0'),
(49, '6879704429159356603941440756', '1000', 315.26, 0.00, 'Sevimli Dostlar', '2025-08-16 22:50:51', 'B', 1, '400037', '5995', 0.49, '98000201', 'Hareket', '0'),
(50, '6879704429159356603941440756', '1000', 202.54, 0.00, 'Mutfak & Ev Eşyası', '2025-08-17 10:42:26', 'B', 1, '400004', '5399', 0.40, '98000029', 'Hareket', '0'),
(51, '6879704429159356603941440756', '1000', 1250.06, 0.00, 'Hanımefendi Giyim', '2025-08-17 11:03:46', 'B', 1, '400042', '5621', 1.93, '98000234', 'Hareket', '0'),
(52, '6879704429159356603941440756', '1000', 835.32, 0.00, 'Alseven Ocakbaşı', '2025-08-17 17:32:17', 'B', 1, '400034', '5812', 1.35, '98000184', 'Hareket', '0'),
(53, '6879704429159356603941440756', '1000', 303.02, 0.00, 'PlayLand Oyun Salonu', '2025-08-17 23:32:20', 'B', 1, '400012', '7991', 0.46, '98000060', 'Hareket', '0');

-- --------------------------------------------------------

--
-- Структура таблицы `users`
--

CREATE TABLE `users` (
  `id` varchar(32) NOT NULL,
  `customer_number` varchar(32) NOT NULL,
  `name` varchar(100) NOT NULL,
  `surname` varchar(100) NOT NULL,
  `email` varchar(160) DEFAULT NULL,
  `phone` varchar(32) DEFAULT NULL,
  `address` varchar(255) DEFAULT NULL,
  `city` varchar(100) DEFAULT NULL,
  `gender` enum('Male','Female','Other') DEFAULT NULL,
  `birth_date` date DEFAULT NULL,
  `profession` varchar(100) DEFAULT NULL,
  `created_at` datetime DEFAULT NULL,
  `updated_at` datetime DEFAULT NULL
) ENGINE=InnoDB DEFAULT CHARSET=utf8mb4 COLLATE=utf8mb4_general_ci;

--
-- Дамп данных таблицы `users`
--

INSERT INTO `users` (`id`, `customer_number`, `name`, `surname`, `email`, `phone`, `address`, `city`, `gender`, `birth_date`, `profession`, `created_at`, `updated_at`) VALUES
('1000', '8615268428', 'Büşra', 'Ay', 'busra.ay0@example.com', '+907315660480', '10 Akasya Sokak, Lapta', 'Lefkoşa', 'Male', '1996-07-01', 'Doctor', '2021-01-01 00:00:00', '2021-01-01 00:00:00'),
('1001', '8340055262', 'Gül', 'Kara', 'gul.kara1@example.com', '+903785222066', '279 Zambak Sokak, Kağanlı', 'İskele', 'Male', '2002-02-04', 'Dentist', '2021-01-01 00:00:00', '2021-01-01 00:00:00'),
('1002', '6807927158', 'Ece', 'Kara', 'ece.kara2@example.com', '+901959453537', '135 İstiklal Sokak, Yenişehir', 'Güzelyurt', 'Female', '2000-06-16', 'Nurse', '2021-01-01 00:00:00', '2021-01-01 00:00:00'),
('1003', '3790481917', 'Hasan', 'Tunç', 'hasan.tunc3@example.com', '+906241632683', '118 Müjde Sokak, Çatalköy', 'İskele', 'Male', '1965-09-18', 'Data Analyst', '2021-01-01 00:00:00', '2021-01-01 00:00:00'),
('1004', '6410772230', 'Eylul', 'Öztürk', 'eylul.ozturk4@example.com', '+902959115234', '206 Gökkuşağı Sokak, Aydınköy', 'Girne', 'Female', '1978-06-18', 'Pharmacist', '2021-01-01 00:00:00', '2021-01-01 00:00:00'),
('1005', '3236216313', 'Berk', 'Polat', 'berk.polat5@example.com', '+900524379841', '158 Çamlık Sokak, Yenişehir', 'İskele', 'Male', '1970-08-23', 'Lawyer', '2021-01-01 00:00:00', '2021-01-01 00:00:00'),
('1006', '9488700156', 'Emre', 'Uçar', 'emre.ucar6@example.com', '+907986885348', '105 Menekşe Sokak, Dikmen', 'Güzelyurt', 'Male', '1998-02-11', 'Dentist', '2021-01-01 00:00:00', '2021-01-01 00:00:00'),
('1007', '7984712102', 'Fatma', 'Avcı', 'fatma.avci7@example.com', '+904577716544', '128 İnönü Sokak, Bellapais', 'Girne', 'Male', '1985-04-15', 'Pharmacist', '2021-01-01 00:00:00', '2021-01-01 00:00:00'),
('1008', '1019084508', 'Sinem', 'Taş', 'sinem.tas8@example.com', '+900327509767', '242 Kazım Karabekir Sokak, Serdarlı', 'Lefkoşa', 'Male', '1968-01-08', 'Electrician', '2021-01-01 00:00:00', '2021-01-01 00:00:00'),
('1009', '9033285299', 'Tolga', 'Çetin', 'tolga.cetin9@example.com', '+902589658347', '207 Kazım Karabekir Sokak, Boğaz', 'Gazimağusa', 'Female', '2004-10-09', 'Chef', '2021-01-01 00:00:00', '2021-01-01 00:00:00'),
('1010', '3838435868', 'Tolga', 'Uzun', 'tolga.uzun10@example.com', '+906129426777', '255 Dereboyu Sokak, Haspolat', 'Gazimağusa', 'Male', '1967-06-26', 'Electrician', '2021-01-01 00:00:00', '2021-01-01 00:00:00'),
('1011', '6750101388', 'Kemal', 'Ay', 'kemal.ay11@example.com', '+906002728698', '30 Manolya Sokak, Arapköy', 'Girne', 'Male', '1976-04-21', 'Pharmacist', '2021-01-01 00:00:00', '2021-01-01 00:00:00'),
('1012', '1769100322', 'Cem', 'Bal', 'cem.bal12@example.com', '+909583607732', '152 Yıldırım Beyazıt Sokak, Çatalköy', 'Lefkoşa', 'Female', '1982-11-23', 'Banker', '2021-01-01 00:00:00', '2021-01-01 00:00:00'),
('1013', '1562721665', 'Nil', 'Aydın', 'nil.aydin13@example.com', '+902957095203', '229 Akdeniz Sokak, Doğanköy', 'İskele', 'Male', '1972-08-15', 'Doctor', '2021-01-01 00:00:00', '2021-01-01 00:00:00'),
('1014', '1924564619', 'Gül', 'Şahin', 'gul.sahin14@example.com', '+908325744240', '110 Yalı Sokak, Mehmetçik', 'Girne', 'Female', '1966-08-02', 'Project Manager', '2021-01-01 00:00:00', '2021-01-01 00:00:00'),
('1015', '8055454450', 'Arda', 'Avcı', 'arda.avci15@example.com', '+907061379269', '14 İnönü Sokak, Geçitköy', 'Gazimağusa', 'Male', '1983-10-04', 'Plumber', '2021-01-01 00:00:00', '2021-01-01 00:00:00'),
('1016', '8409054656', 'Berk', 'Mercan', 'berk.mercan16@example.com', '+908699989810', '11 Ihlamur Sokak, Paşaköy', 'İskele', 'Female', '1996-04-24', 'Banker', '2021-01-01 00:00:00', '2021-01-01 00:00:00'),
('1017', '2137012636', 'Kaan', 'Avcı', 'kaan.avci17@example.com', '+909477068258', '115 Zafer Sokak, Yenişehir', 'Güzelyurt', 'Male', '1983-07-28', 'Doctor', '2021-01-01 00:00:00', '2021-01-01 00:00:00'),
('1018', '6745835191', 'Berk', 'Demir', 'berk.demir18@example.com', '+906755687000', '1 Kırçiçeği Sokak, Gönyeli', 'Gazimağusa', 'Male', '1994-08-01', 'Software Developer', '2021-01-01 00:00:00', '2021-01-01 00:00:00'),
('1019', '1760658545', 'Serkan', 'Kurt', 'serkan.kurt19@example.com', '+904511772994', '102 Akasya Sokak, Vadili', 'İskele', 'Female', '1992-05-26', 'Pharmacist', '2021-01-01 00:00:00', '2021-01-01 00:00:00'),
('1020', '1395906692', 'Eylul', 'Polat', 'eylul.polat20@example.com', '+909293532296', '154 Karanfil Sokak, Yuvacık', 'Gazimağusa', 'Male', '1987-11-19', 'Pharmacist', '2021-01-01 00:00:00', '2021-01-01 00:00:00'),
('1021', '8464566410', 'Naz', 'Bal', 'naz.bal21@example.com', '+907330162046', '213 Cumhuriyet Sokak, Karakum', 'Girne', 'Female', '1978-05-18', 'Banker', '2021-01-01 00:00:00', '2021-01-01 00:00:00'),
('1022', '1388941667', 'Onur', 'Şahin', 'onur.sahin22@example.com', '+909431951080', '157 Yunus Emre Sokak, Güneşköy', 'İskele', 'Female', '1992-07-26', 'Data Analyst', '2021-01-01 00:00:00', '2021-01-01 00:00:00'),
('1023', '9375433368', 'Fatma', 'Polat', 'fatma.polat23@example.com', '+908254575492', '13 Sedir Sokak, Değirmenlik', 'Lefkoşa', 'Male', '1978-10-15', 'Banker', '2021-01-01 00:00:00', '2021-01-01 00:00:00'),
('1024', '7437252183', 'Ece', 'Erel', 'ece.erel24@example.com', '+901907506818', '292 Harbiye Sokak, Beyköy', 'Gazimağusa', 'Male', '1980-01-11', 'Banker', '2021-01-01 00:00:00', '2021-01-01 00:00:00'),
('1025', '9721167988', 'Selin', 'Doe', 'selin.doe25@example.com', '+902758208992', '4 Cumhuriyet Sokak, Dikmen', 'Güzelyurt', 'Female', '1968-08-20', 'Designer', '2021-01-01 00:00:00', '2021-01-01 00:00:00'),
('1026', '2530299520', 'John', 'Özçelik', 'john.ozcelik26@example.com', '+908093997132', '192 Yıldız Sokak, Boğaz', 'Güzelyurt', 'Female', '1988-01-25', 'Electrician', '2021-01-01 00:00:00', '2021-01-01 00:00:00'),
('1027', '8241912665', 'Gökhan', 'Tekin', 'gokhan.tekin27@example.com', '+904434706668', '146 Yalı Sokak, Ergenekon', 'Lefkoşa', 'Male', '1991-05-06', 'Marketing Specialist', '2021-01-01 00:00:00', '2021-01-01 00:00:00'),
('1028', '9904824737', 'Kaan', 'Taş', 'kaan.tas28@example.com', '+903909742232', '9 Kordon Sokak, Yeniboğaziçi', 'Lefkoşa', 'Male', '1966-10-03', 'Plumber', '2021-01-01 00:00:00', '2021-01-01 00:00:00'),
('1029', '3653787643', 'Okan', 'Ay', 'okan.ay29@example.com', '+905924426316', '169 Müjde Sokak, Mia Milia', 'İskele', 'Female', '1988-07-11', 'Data Analyst', '2021-01-01 00:00:00', '2021-01-01 00:00:00'),
('1030', '6017121394', 'Ekin', 'Demir', 'ekin.demir30@example.com', '+907882832077', '147 Mimoza Sokak, Doğanköy', 'Güzelyurt', 'Female', '1975-11-23', 'Chef', '2021-01-01 00:00:00', '2021-01-01 00:00:00'),
('1031', '9498087821', 'Gökhan', 'Bozkurt', 'gokhan.bozkurt31@example.com', '+908358435029', '171 Kumru Sokak, Serdarlı', 'Lefkoşa', 'Male', '2000-04-09', 'Marketing Specialist', '2021-01-01 00:00:00', '2021-01-01 00:00:00'),
('1032', '3228963715', 'Tolga', 'Özdemir', 'tolga.ozdemir32@example.com', '+904534446268', '41 Sardunya Sokak, Bellapais', 'Lefkoşa', 'Female', '1968-07-22', 'Nurse', '2021-01-01 00:00:00', '2021-01-01 00:00:00'),
('1033', '0742655891', 'Ahmet', 'Kara', 'ahmet.kara33@example.com', '+900875022841', '187 Şafak Sokak, Mutluyaka', 'Güzelyurt', 'Female', '1984-11-26', 'Plumber', '2021-01-01 00:00:00', '2021-01-01 00:00:00'),
('1034', '1056299792', 'Gül', 'Özkan', 'gul.ozkan34@example.com', '+907035697789', '258 Şafak Sokak, Güneşköy', 'İskele', 'Male', '1987-01-11', 'Lawyer', '2021-01-01 00:00:00', '2021-01-01 00:00:00'),
('1035', '6272011993', 'Pelin', 'Öztürk', 'pelin.ozturk35@example.com', '+903872315878', '209 Gülbahar Sokak, Mutluyaka', 'Girne', 'Male', '1981-03-27', 'Doctor', '2021-01-01 00:00:00', '2021-01-01 00:00:00'),
('1036', '3997115848', 'Cansu', 'Kaplan', 'cansu.kaplan36@example.com', '+900063168200', '73 Sahil Sokak, Dikmen', 'İskele', 'Male', '1984-04-15', 'Lawyer', '2021-01-01 00:00:00', '2021-01-01 00:00:00'),
('1037', '4495085611', 'Deniz', 'Tunç', 'deniz.tunc37@example.com', '+905932244354', '149 Yıldız Sokak, Mormenekşe', 'Lefkoşa', 'Male', '1976-03-13', 'Project Manager', '2021-01-01 00:00:00', '2021-01-01 00:00:00'),
('1038', '4629168563', 'Sevgi', 'Işık', 'sevgi.isik38@example.com', '+906524234143', '110 Liman Sokak, Zeytinlik', 'Girne', 'Female', '1966-06-24', 'Electrician', '2021-01-01 00:00:00', '2021-01-01 00:00:00'),
('1039', '5118254754', 'Gizem', 'Şahin', 'gizem.sahin39@example.com', '+908632699786', '56 Dereboyu Sokak, Alsancak', 'İskele', 'Female', '1984-07-09', 'Chef', '2021-01-01 00:00:00', '2021-01-01 00:00:00'),
('1040', '4987059210', 'Sevgi', 'Aksoy', 'sevgi.aksoy40@example.com', '+904288609363', '239 Ziya Gökalp Sokak, Mutluyaka', 'İskele', 'Male', '1972-02-14', 'Lawyer', '2021-01-01 00:00:00', '2021-01-01 00:00:00'),
('1041', '6967210070', 'Arda', 'Uçar', 'arda.ucar41@example.com', '+900024407944', '26 Mevlana Sokak, Mia Milia', 'Gazimağusa', 'Male', '1971-01-01', 'Doctor', '2021-01-01 00:00:00', '2021-01-01 00:00:00'),
('1042', '3247114940', 'Pelin', 'Karaca', 'pelin.karaca42@example.com', '+901959444176', '275 Dereboyu Sokak, Dikmen', 'Güzelyurt', 'Male', '1976-09-06', 'Doctor', '2021-01-01 00:00:00', '2021-01-01 00:00:00'),
('1043', '3919333359', 'Tolga', 'Sezen', 'tolga.sezen43@example.com', '+907401085077', '141 Toros Sokak, Vadili', 'Güzelyurt', 'Female', '1971-10-13', 'Pharmacist', '2021-01-01 00:00:00', '2021-01-01 00:00:00'),
('1044', '5141895921', 'Yaren', 'Bulut', 'yaren.bulut44@example.com', '+907501519953', '136 Zafer Sokak, Doğanköy', 'Girne', 'Male', '1969-12-04', 'Banker', '2021-01-01 00:00:00', '2021-01-01 00:00:00'),
('1045', '9456947540', 'Ayşe', 'Aydın', 'ayse.aydin45@example.com', '+902197752357', '283 Dereboyu Sokak, Balıkesir', 'Lefkoşa', 'Male', '1999-07-07', 'Dentist', '2021-01-01 00:00:00', '2021-01-01 00:00:00'),
('1046', '7133229031', 'Onur', 'Mercan', 'onur.mercan46@example.com', '+901129237285', '40 Bahçıvan Sokak, Haspolat', 'Gazimağusa', 'Male', '1996-08-03', 'Engineer', '2021-01-01 00:00:00', '2021-01-01 00:00:00'),
('1047', '6371318336', 'Fatma', 'Erel', 'fatma.erel47@example.com', '+904316677034', '28 Zambak Sokak, Hamitköy', 'Güzelyurt', 'Female', '1988-07-27', 'Doctor', '2021-01-01 00:00:00', '2021-01-01 00:00:00'),
('1048', '1985088209', 'John', 'Öz', 'john.oz48@example.com', '+904163319808', '90 Kekik Sokak, Mormenekşe', 'İskele', 'Female', '2001-03-24', 'Marketing Specialist', '2021-01-01 00:00:00', '2021-01-01 00:00:00'),
('1049', '8855208907', 'Pelin', 'Polat', 'pelin.polat49@example.com', '+906561636110', '43 İnönü Sokak, Yuvacık', 'İskele', 'Male', '1990-01-04', 'Project Manager', '2021-01-01 00:00:00', '2021-01-01 00:00:00'),
('1050', '2225596636', 'Mehmet', 'Bulut', 'mehmet.bulut50@example.com', '+904069109820', '201 Kazım Karabekir Sokak, Paşaköy', 'Güzelyurt', 'Male', '1998-06-04', 'Project Manager', '2021-01-01 00:00:00', '2021-01-01 00:00:00'),
('1051', '7640282676', 'Umut', 'Tunç', 'umut.tunc51@example.com', '+901858728501', '270 Turna Sokak, Lapta', 'Gazimağusa', 'Male', '1990-01-08', 'Pharmacist', '2021-01-01 00:00:00', '2021-01-01 00:00:00'),
('1052', '1811743066', 'Fatma', 'Yıldız', 'fatma.yildiz52@example.com', '+907168170436', '20 Karanfil Sokak, Paşaköy', 'Gazimağusa', 'Female', '1983-12-17', 'Designer', '2021-01-01 00:00:00', '2021-01-01 00:00:00'),
('1053', '6189039454', 'Okan', 'Sezen', 'okan.sezen53@example.com', '+902538228517', '203 Karanfil Sokak, Arapköy', 'İskele', 'Male', '1973-05-09', 'Plumber', '2021-01-01 00:00:00', '2021-01-01 00:00:00'),
('1054', '8205956866', 'Sude', 'Kara', 'sude.kara54@example.com', '+904328137076', '149 Fener Sokak, Alsancak', 'Girne', 'Male', '2002-12-08', 'Civil Engineer', '2021-01-01 00:00:00', '2021-01-01 00:00:00'),
('1055', '7609101298', 'Mehmet', 'Özer', 'mehmet.ozer55@example.com', '+902009789389', '56 Lale Sokak, Arapahmet', 'Lefkoşa', 'Female', '1987-04-16', 'Nurse', '2021-01-01 00:00:00', '2021-01-01 00:00:00'),
('1056', '7866565502', 'Selin', 'Aydın', 'selin.aydin56@example.com', '+901312183664', '262 Pelit Sokak, Alsancak', 'İskele', 'Female', '1998-03-14', 'Architect', '2021-01-01 00:00:00', '2021-01-01 00:00:00'),
('1057', '5263410141', 'Cem', 'Can', 'cem.can57@example.com', '+909325061127', '293 Poyraz Sokak, Yuvacık', 'Girne', 'Male', '1970-10-07', 'Teacher', '2021-01-01 00:00:00', '2021-01-01 00:00:00'),
('1058', '2572232931', 'Hüseyin', 'Aslan', 'huseyin.aslan58@example.com', '+901273914866', '271 Sedir Sokak, Gönyeli', 'Güzelyurt', 'Female', '1992-12-26', 'Project Manager', '2021-01-01 00:00:00', '2021-01-01 00:00:00'),
('1059', '3220941642', 'Merve', 'Ergin', 'merve.ergin59@example.com', '+908618845411', '26 İnönü Sokak, Güneşköy', 'Gazimağusa', 'Male', '1992-04-04', 'Project Manager', '2021-01-01 00:00:00', '2021-01-01 00:00:00'),
('1060', '1270699526', 'Hüseyin', 'Polat', 'huseyin.polat60@example.com', '+902502479061', '195 Narenciye Sokak, Kağanlı', 'Gazimağusa', 'Male', '1993-06-14', 'Marketing Specialist', '2021-01-01 00:00:00', '2021-01-01 00:00:00'),
('1061', '5188365324', 'Yaren', 'Duman', 'yaren.duman61@example.com', '+909945700018', '269 Eser Sokak, Beylerbeyi', 'Girne', 'Female', '1965-06-09', 'Civil Engineer', '2021-01-01 00:00:00', '2021-01-01 00:00:00'),
('1062', '6421856938', 'Burak', 'Yılmaz', 'burak.yilmaz62@example.com', '+900709217538', '179 Gültepe Sokak, Ergenekon', 'Gazimağusa', 'Female', '1989-03-14', 'Architect', '2021-01-01 00:00:00', '2021-01-01 00:00:00'),
('1063', '9027198329', 'Ayşe', 'Can', 'ayse.can63@example.com', '+903903160855', '194 Manolya Sokak, Serdarlı', 'İskele', 'Female', '1990-06-12', 'Engineer', '2021-01-01 00:00:00', '2021-01-01 00:00:00'),
('1064', '5985978026', 'Cem', 'Karaca', 'cem.karaca64@example.com', '+905648414190', '205 Turna Sokak, İncirli', 'İskele', 'Male', '1976-03-02', 'Pharmacist', '2021-01-01 00:00:00', '2021-01-01 00:00:00'),
('1065', '8634116110', 'Merve', 'Kaya', 'merve.kaya65@example.com', '+901217083800', '127 Rauf Denktaş Sokak, Balıkesir', 'Girne', 'Female', '2000-03-02', 'Banker', '2021-01-01 00:00:00', '2021-01-01 00:00:00'),
('1066', '0255893509', 'Hüseyin', 'Erel', 'huseyin.erel66@example.com', '+900676951850', '108 Söğüt Sokak, Karakum', 'Girne', 'Male', '1990-03-09', 'Teacher', '2021-01-01 00:00:00', '2021-01-01 00:00:00'),
('1067', '4778461521', 'Özkan', 'Uzun', 'ozkan.uzun67@example.com', '+908366960985', '134 Sancak Sokak, Boğaz', 'Gazimağusa', 'Male', '2001-05-27', 'Data Analyst', '2021-01-01 00:00:00', '2021-01-01 00:00:00'),
('1068', '0418728263', 'Sude', 'Ergin', 'sude.ergin68@example.com', '+907986662669', '92 Narenciye Sokak, İncirli', 'Güzelyurt', 'Male', '1992-10-02', 'Accountant', '2021-01-01 00:00:00', '2021-01-01 00:00:00'),
('1069', '1169535066', 'Umut', 'Aksoy', 'umut.aksoy69@example.com', '+908986158418', '145 Lavanta Sokak, Doğanköy', 'Güzelyurt', 'Male', '1967-09-17', 'Accountant', '2021-01-01 00:00:00', '2021-01-01 00:00:00'),
('1070', '7663231851', 'John', 'Mert', 'john.mert70@example.com', '+909403041047', '284 Defne Sokak, Hamitköy', 'Gazimağusa', 'Male', '1966-04-24', 'Plumber', '2021-01-01 00:00:00', '2021-01-01 00:00:00'),
('1071', '5758363969', 'Berk', 'Koç', 'berk.koc71@example.com', '+906900690619', '127 Zambak Sokak, Akçiçek', 'Güzelyurt', 'Female', '1984-12-04', 'Software Developer', '2021-01-01 00:00:00', '2021-01-01 00:00:00'),
('1072', '5761786911', 'Deniz', 'Bulut', 'deniz.bulut72@example.com', '+903614095720', '162 Çamlık Sokak, Karakum', 'Lefkoşa', 'Male', '1999-08-12', 'Software Developer', '2021-01-01 00:00:00', '2021-01-01 00:00:00'),
('1073', '5151122137', 'Özkan', 'Tekin', 'ozkan.tekin73@example.com', '+901323908142', '176 Zübeyde Hanım Sokak, Mehmetçik', 'İskele', 'Female', '2000-01-07', 'Civil Engineer', '2021-01-01 00:00:00', '2021-01-01 00:00:00'),
('1074', '2684821750', 'İrem', 'Karaca', 'i̇rem.karaca74@example.com', '+903882593455', '240 Gülbahar Sokak, Arabahmet', 'Lefkoşa', 'Male', '1994-10-28', 'Chef', '2021-01-01 00:00:00', '2021-01-01 00:00:00'),
('1075', '8371340074', 'Zeynep', 'Polat', 'zeynep.polat75@example.com', '+906063505295', '223 Mimar Sinan Sokak, Zeytinlik', 'Gazimağusa', 'Female', '1966-05-19', 'Engineer', '2021-01-01 00:00:00', '2021-01-01 00:00:00'),
('1076', '3291230627', 'Eylul', 'Karaca', 'eylul.karaca76@example.com', '+904518789812', '156 Yunus Emre Sokak, Metehan', 'Lefkoşa', 'Male', '1998-07-28', 'Teacher', '2021-01-01 00:00:00', '2021-01-01 00:00:00'),
('1077', '1332561932', 'Serkan', 'Bal', 'serkan.bal77@example.com', '+900683370923', '166 Meşe Sokak, Mormenekşe', 'Girne', 'Female', '1976-07-26', 'Plumber', '2021-01-01 00:00:00', '2021-01-01 00:00:00'),
('1078', '5987228330', 'Fulya', 'Bulut', 'fulya.bulut78@example.com', '+909241326636', '260 Sardunya Sokak, İncirli', 'Güzelyurt', 'Male', '1998-07-08', 'Civil Engineer', '2021-01-01 00:00:00', '2021-01-01 00:00:00'),
('1079', '0263594484', 'Baran', 'Bal', 'baran.bal79@example.com', '+903528005826', '26 Şafak Sokak, Paşaköy', 'İskele', 'Male', '1976-03-07', 'Electrician', '2021-01-01 00:00:00', '2021-01-01 00:00:00'),
('1080', '5701328704', 'Eylul', 'Kaplan', 'eylul.kaplan80@example.com', '+905211743901', '48 Deniz Sokak, Arabahmet', 'İskele', 'Female', '1965-01-19', 'Civil Engineer', '2021-01-01 00:00:00', '2021-01-01 00:00:00'),
('1081', '3714042618', 'Kaan', 'Çelik', 'kaan.celik81@example.com', '+901395516811', '98 Turna Sokak, Arapahmet', 'İskele', 'Male', '1978-11-06', 'Marketing Specialist', '2021-01-01 00:00:00', '2021-01-01 00:00:00'),
('1082', '9722100091', 'Kaan', 'Özdemir', 'kaan.ozdemir82@example.com', '+903879516685', '195 Manolya Sokak, Köşklüçiftlik', 'Gazimağusa', 'Male', '1978-09-11', 'Doctor', '2021-01-01 00:00:00', '2021-01-01 00:00:00'),
('1083', '9060008309', 'Gül', 'Özdemir', 'gul.ozdemir83@example.com', '+907667102689', '102 Salkım Sokak, Karakum', 'Güzelyurt', 'Female', '1993-07-23', 'Marketing Specialist', '2021-01-01 00:00:00', '2021-01-01 00:00:00'),
('1084', '6931710206', 'Hasan', 'Yıldırım', 'hasan.yildirim84@example.com', '+902357574693', '166 Sanayi Sokak, Yuvacık', 'Güzelyurt', 'Female', '1969-11-09', 'Plumber', '2021-01-01 00:00:00', '2021-01-01 00:00:00'),
('1085', '5793365387', 'Kaan', 'Ay', 'kaan.ay85@example.com', '+902967650320', '99 Menekşe Sokak, Dikmen', 'Gazimağusa', 'Male', '1995-11-25', 'Lawyer', '2021-01-01 00:00:00', '2021-01-01 00:00:00'),
('1086', '3629946824', 'Ekin', 'Kaplan', 'ekin.kaplan86@example.com', '+905800646327', '61 Mimar Sinan Sokak, Bellapais', 'Gazimağusa', 'Female', '1965-09-09', 'Nurse', '2021-01-01 00:00:00', '2021-01-01 00:00:00'),
('1087', '5808302728', 'Gizem', 'Bal', 'gizem.bal87@example.com', '+902486944869', '40 Cumhuriyet Sokak, Köşklüçiftlik', 'Gazimağusa', 'Female', '1979-12-25', 'Dentist', '2021-01-01 00:00:00', '2021-01-01 00:00:00'),
('1088', '3305586339', 'Büşra', 'Şahin', 'busra.sahin88@example.com', '+908777652874', '231 Sanayi Sokak, Geçitköy', 'Güzelyurt', 'Female', '1983-05-08', 'Civil Engineer', '2021-01-01 00:00:00', '2021-01-01 00:00:00'),
('1089', '4733314411', 'Berk', 'Ege', 'berk.ege89@example.com', '+909546073869', '259 Serçe Sokak, Vadili', 'Girne', 'Female', '1977-04-14', 'Banker', '2021-01-01 00:00:00', '2021-01-01 00:00:00'),
('1090', '0338806564', 'Gül', 'Mercan', 'gul.mercan90@example.com', '+909291644443', '58 Sanayi Sokak, Zeytinlik', 'Güzelyurt', 'Male', '1972-08-06', 'Banker', '2021-01-01 00:00:00', '2021-01-01 00:00:00'),
('1091', '0077915995', 'Selin', 'Arslan', 'selin.arslan91@example.com', '+909884825939', '16 Bahçıvan Sokak, Akçiçek', 'Güzelyurt', 'Female', '1999-01-13', 'Project Manager', '2021-01-01 00:00:00', '2021-01-01 00:00:00'),
('1092', '9407279633', 'Hüseyin', 'Duman', 'huseyin.duman92@example.com', '+903165532265', '128 Halkalı Sokak, Lapta', 'İskele', 'Female', '1970-03-13', 'Designer', '2021-01-01 00:00:00', '2021-01-01 00:00:00'),
('1093', '3433791745', 'Cem', 'Uçar', 'cem.ucar93@example.com', '+906612859844', '296 Belediye Sokak, Taşkent', 'Gazimağusa', 'Male', '1981-06-15', 'Sales Manager', '2021-01-01 00:00:00', '2021-01-01 00:00:00'),
('1094', '2713120829', 'Emre', 'Tekin', 'emre.tekin94@example.com', '+909793340748', '49 Barış Sokak, Paşaköy', 'Girne', 'Female', '2002-08-14', 'Chef', '2021-01-01 00:00:00', '2021-01-01 00:00:00'),
('1095', '1400984928', 'Özkan', 'Mercan', 'ozkan.mercan95@example.com', '+908069067585', '137 Mevlana Sokak, Taşkent', 'Girne', 'Female', '1965-11-11', 'Accountant', '2021-01-01 00:00:00', '2021-01-01 00:00:00'),
('1096', '3724452310', 'Can', 'Korkmaz', 'can.korkmaz96@example.com', '+901117864871', '77 Namık Kemal Sokak, Alsancak', 'Gazimağusa', 'Female', '1982-09-03', 'Sales Manager', '2021-01-01 00:00:00', '2021-01-01 00:00:00'),
('1097', '9827408246', 'Ekin', 'Kaya', 'ekin.kaya97@example.com', '+907357226763', '182 Serçe Sokak, Bellapais', 'Girne', 'Male', '2002-07-14', 'Engineer', '2021-01-01 00:00:00', '2021-01-01 00:00:00'),
('1098', '0782070099', 'İrem', 'Kurt', 'i̇rem.kurt98@example.com', '+904920113587', '18 Papatya Sokak, Dikmen', 'Gazimağusa', 'Male', '2003-04-01', 'Electrician', '2021-01-01 00:00:00', '2021-01-01 00:00:00'),
('1099', '9866308470', 'Gül', 'Ege', 'gul.ege99@example.com', '+906215257319', '224 Toros Sokak, Vadili', 'Gazimağusa', 'Male', '1986-09-25', 'Engineer', '2021-01-01 00:00:00', '2021-01-01 00:00:00'),
('Users/ID', 'Users/CustomerNumber', 'Users/Name', 'Users/Surname', 'Users/Email', 'Users/Phone', 'Users/Address', 'Users/City', '', '0000-00-00', 'Users/Profession', '0000-00-00 00:00:00', '0000-00-00 00:00:00');

--
-- Индексы сохранённых таблиц
--

--
-- Индексы таблицы `cards`
--
ALTER TABLE `cards`
  ADD PRIMARY KEY (`assign_no`),
  ADD KEY `ix_cards_user` (`user_id`),
  ADD KEY `ix_cards_product` (`product_code`);

--
-- Индексы таблицы `mcc_catalog`
--
ALTER TABLE `mcc_catalog`
  ADD PRIMARY KEY (`mcc`);

--
-- Индексы таблицы `mcc_category_rules`
--
ALTER TABLE `mcc_category_rules`
  ADD PRIMARY KEY (`rule_id`),
  ADD KEY `idx_range` (`range_start`,`range_end`);

--
-- Индексы таблицы `mcc_overrides`
--
ALTER TABLE `mcc_overrides`
  ADD PRIMARY KEY (`mcc`);

--
-- Индексы таблицы `transactions`
--
ALTER TABLE `transactions`
  ADD PRIMARY KEY (`id`),
  ADD KEY `ix_txn_card` (`assign_no`),
  ADD KEY `ix_txn_user` (`user_id`),
  ADD KEY `ix_txn_datetime` (`txn_datetime`),
  ADD KEY `ix_txn_mcc` (`mcc`),
  ADD KEY `ix_txn_type` (`transaction_type`,`processing_stage`),
  ADD KEY `idx_txn_assign_no` (`assign_no`),
  ADD KEY `idx_txn_mcc` (`mcc`);

--
-- Индексы таблицы `users`
--
ALTER TABLE `users`
  ADD PRIMARY KEY (`id`),
  ADD UNIQUE KEY `customer_number` (`customer_number`),
  ADD KEY `ix_users_city` (`city`),
  ADD KEY `ix_users_profession` (`profession`);

--
-- AUTO_INCREMENT для сохранённых таблиц
--

--
-- AUTO_INCREMENT для таблицы `mcc_category_rules`
--
ALTER TABLE `mcc_category_rules`
  MODIFY `rule_id` int(10) UNSIGNED NOT NULL AUTO_INCREMENT;

--
-- AUTO_INCREMENT для таблицы `transactions`
--
ALTER TABLE `transactions`
  MODIFY `id` bigint(20) UNSIGNED NOT NULL AUTO_INCREMENT, AUTO_INCREMENT=54;

--
-- Ограничения внешнего ключа сохраненных таблиц
--

--
-- Ограничения внешнего ключа таблицы `cards`
--
ALTER TABLE `cards`
  ADD CONSTRAINT `fk_cards_user` FOREIGN KEY (`user_id`) REFERENCES `users` (`id`);

--
-- Ограничения внешнего ключа таблицы `mcc_overrides`
--
ALTER TABLE `mcc_overrides`
  ADD CONSTRAINT `fk_overrides_catalog` FOREIGN KEY (`mcc`) REFERENCES `mcc_catalog` (`mcc`) ON DELETE CASCADE ON UPDATE CASCADE;

--
-- Ограничения внешнего ключа таблицы `transactions`
--
ALTER TABLE `transactions`
  ADD CONSTRAINT `fk_txn_card` FOREIGN KEY (`assign_no`) REFERENCES `cards` (`assign_no`) ON UPDATE CASCADE,
  ADD CONSTRAINT `fk_txn_mcc` FOREIGN KEY (`mcc`) REFERENCES `mcc_catalog` (`mcc`) ON UPDATE CASCADE,
  ADD CONSTRAINT `fk_txn_user` FOREIGN KEY (`user_id`) REFERENCES `users` (`id`);
COMMIT;

/*!40101 SET CHARACTER_SET_CLIENT=@OLD_CHARACTER_SET_CLIENT */;
/*!40101 SET CHARACTER_SET_RESULTS=@OLD_CHARACTER_SET_RESULTS */;
/*!40101 SET COLLATION_CONNECTION=@OLD_COLLATION_CONNECTION */;
